revenue_id,video_id,date,ad_impressions,cpm_usd,revenue_earned_usd
1,1,2024-02-19,18724,8.39,157.09
2,1,2024-03-11,33592,8.87,297.96
3,2,2024-03-02,40017,7.62,304.93
4,2,2024-02-16,1352,5.63,7.61
5,3,2024-01-17,13466,4.5,60.6
6,3,2024-01-21,26188,11.18,292.78
7,3,2024-01-29,23438,11.81,276.8
8,4,2024-03-07,34713,8.18,283.95
9,4,2024-01-05,31665,7.07,223.87
10,4,2024-03-21,39633,3.99,158.14
11,4,2024-03-02,1682,11.87,19.97
12,5,2024-01-04,45790,9.55,437.29
13,5,2024-02-15,14744,3.29,48.51
14,5,2024-02-25,42710,5.66,241.74
15,5,2024-02-27,5468,10.87,59.44
16,6,2024-03-07,4019,7.82,31.43
17,6,2024-03-17,36542,5.18,189.29
18,6,2024-03-30,42149,3.24,136.56
19,6,2024-02-21,26217,9.17,240.41
20,6,2024-02-20,48757,6.81,332.04
21,7,2024-03-21,10366,7.72,80.03
22,7,2024-03-09,32138,10.94,351.59
23,8,2024-02-28,34009,7.83,266.29
24,8,2024-01-23,42967,5.46,234.6
25,9,2024-01-25,39331,11.67,458.99
26,9,2024-02-13,32040,9.61,307.9
27,10,2024-02-22,48433,9.91,479.97
28,10,2024-03-04,5277,7.6,40.11
29,11,2024-03-16,10363,5.53,57.31
30,11,2024-03-10,37998,4.37,166.05
31,12,2024-03-05,16790,8.75,146.91
32,12,2024-01-28,43065,11.54,496.97
33,12,2024-01-30,7822,3.23,25.27
34,12,2024-01-09,18989,3.88,73.68
35,12,2024-02-19,35499,4.21,149.45
36,13,2024-03-26,27645,7.35,203.19
37,13,2024-02-27,16118,4.05,65.28
38,14,2024-03-29,40875,9.14,373.6
39,14,2024-01-12,13900,3.7,51.43
40,14,2024-01-20,23705,2.67,63.29
41,14,2024-02-19,45547,3.72,169.43
42,15,2024-02-27,34520,5.23,180.54
43,15,2024-01-01,35180,6.75,237.47
44,15,2024-01-23,35883,10.34,371.03
45,15,2024-02-23,37985,4.3,163.34
46,16,2024-02-05,18826,9.67,182.05
47,16,2024-02-07,46249,6.14,283.97
48,16,2024-03-12,25322,9.08,229.92
49,16,2024-01-14,24854,8.74,217.22
50,17,2024-03-14,46668,9.64,449.88
51,17,2024-01-18,11265,6.39,71.98
52,17,2024-03-11,6551,10.15,66.49
53,17,2024-02-12,33799,8.5,287.29
54,17,2024-01-31,14865,5.82,86.51
55,18,2024-01-26,24079,11.82,284.61
56,18,2024-03-22,26960,4.74,127.79
57,18,2024-02-11,12648,7.85,99.29
58,18,2024-02-15,16036,5.17,82.91
59,19,2024-01-02,34043,10.58,360.17
60,19,2024-01-27,19766,4.8,94.88
61,19,2024-01-19,4777,3.96,18.92
62,20,2024-01-27,4369,4.5,19.66
63,20,2024-02-02,19594,2.52,49.38
64,20,2024-01-21,1343,6.83,9.17
65,20,2024-01-01,14125,4.75,67.09
66,20,2024-03-25,17571,8.93,156.91
67,21,2024-03-07,40985,3.83,156.97
68,21,2024-01-18,2409,5.93,14.29
69,21,2024-01-30,48149,11.33,545.53
70,22,2024-02-05,45063,2.83,127.53
71,22,2024-01-17,40331,11.21,452.11
72,22,2024-02-10,2853,9.53,27.19
73,22,2024-03-28,2620,9.55,25.02
74,22,2024-02-09,36444,4.61,168.01
75,23,2024-03-18,46016,7.04,323.95
76,24,2024-02-19,15941,11.88,189.38
77,24,2024-03-08,23241,10.29,239.15
78,24,2024-03-25,19478,11.97,233.15
79,24,2024-03-17,27397,10.71,293.42
80,24,2024-03-15,35903,8.46,303.74
81,25,2024-02-02,32927,5.29,174.18
82,25,2024-01-03,12831,2.84,36.44
83,26,2024-02-03,17512,9.38,164.26
84,27,2024-02-25,31836,11.35,361.34
85,28,2024-03-08,31209,3.07,95.81
86,28,2024-03-29,23868,10.79,257.54
87,28,2024-02-13,8616,6.41,55.23
88,28,2024-02-05,7667,3.58,27.45
89,29,2024-01-09,30441,9.59,291.93
90,29,2024-02-21,30874,5.31,163.94
91,29,2024-02-25,28191,6.25,176.19
92,29,2024-03-13,36173,7.11,257.19
93,30,2024-01-13,23386,8.84,206.73
94,30,2024-03-20,47723,10.99,524.48
95,30,2024-01-12,45621,9.44,430.66
96,30,2024-02-07,27590,6.44,177.68
97,31,2024-02-24,30838,3.16,97.45
98,31,2024-03-30,12563,3.82,47.99
99,32,2024-02-01,37622,11.42,429.64
100,32,2024-02-19,4157,2.55,10.6
101,32,2024-01-31,16982,10.96,186.12
102,33,2024-03-02,48938,4.99,244.2
103,33,2024-01-19,7282,9.13,66.48
104,33,2024-01-21,15988,2.55,40.77
105,33,2024-03-26,34833,10.22,355.99
106,33,2024-01-11,29374,9.56,280.82
107,34,2024-01-29,33270,11.24,373.95
108,34,2024-02-14,23409,5.93,138.82
109,34,2024-03-21,8315,6.24,51.89
110,34,2024-02-07,6226,4.73,29.45
111,35,2024-01-09,17596,3.25,57.19
112,36,2024-03-04,17583,8.59,151.04
113,36,2024-03-22,2886,11.16,32.21
114,37,2024-02-07,23117,6.24,144.25
115,37,2024-03-16,19795,8.25,163.31
116,37,2024-02-12,16197,4.2,68.03
117,37,2024-02-28,45937,8.66,397.81
118,37,2024-02-13,46910,5.57,261.29
119,38,2024-03-04,14643,3.06,44.81
120,38,2024-02-01,47733,7.03,335.56
121,38,2024-03-25,48185,5.1,245.74
122,38,2024-03-26,20290,5.06,102.67
123,39,2024-02-29,8556,8.47,72.47
124,39,2024-02-02,32023,8.67,277.64
125,39,2024-02-07,17516,6.38,111.75
126,39,2024-03-25,25267,3.58,90.46
127,40,2024-02-11,17154,4.52,77.54
128,41,2024-02-13,26118,3.43,89.58
129,41,2024-02-17,5604,11.51,64.5
130,41,2024-01-22,1032,8.53,8.8
131,41,2024-01-16,4405,9.52,41.94
132,41,2024-02-15,12194,9.27,113.04
133,42,2024-02-18,41875,3.28,137.35
134,43,2024-02-24,28677,3.5,100.37
135,43,2024-02-07,1107,10.36,11.47
136,44,2024-03-08,24496,7.13,174.66
137,45,2024-03-22,12010,8.02,96.32
138,46,2024-02-03,6904,6.17,42.6
139,46,2024-02-08,6051,6.52,39.45
140,46,2024-01-07,28479,10.8,307.57
141,46,2024-03-16,41258,4.31,177.82
142,46,2024-01-18,22652,3.86,87.44
143,47,2024-02-24,48832,6.41,313.01
144,48,2024-03-02,43050,10.16,437.39
145,48,2024-02-23,16711,10.45,174.63
146,48,2024-03-16,15672,2.94,46.08
147,48,2024-03-24,21621,4.89,105.73
148,49,2024-03-12,14669,6.91,101.36
149,49,2024-02-28,37705,11.63,438.51
150,49,2024-02-21,37227,5.72,212.94
151,50,2024-01-08,22578,3.52,79.47
152,50,2024-03-24,9735,11.54,112.34
153,50,2024-03-20,37168,3.92,145.7
154,51,2024-03-12,18062,8.39,151.54
155,51,2024-03-30,34931,5.99,209.24
156,52,2024-01-16,41206,5.2,214.27
157,52,2024-02-24,36924,7.78,287.27
158,52,2024-03-31,27550,3.61,99.46
159,52,2024-02-14,46444,3.42,158.84
160,52,2024-03-10,3218,8.48,27.29
161,53,2024-03-25,35031,5.88,205.98
162,53,2024-03-20,44967,11.37,511.27
163,53,2024-03-01,47848,4.57,218.67
164,54,2024-01-28,12245,4.31,52.78
165,54,2024-03-11,21093,8.48,178.87
166,55,2024-03-25,4579,3.34,15.29
167,55,2024-02-11,33407,10.71,357.79
168,55,2024-01-01,39329,6.01,236.37
169,56,2024-01-04,2792,10.23,28.56
170,56,2024-02-10,4048,9.2,37.24
171,57,2024-02-15,20812,10.31,214.57
172,57,2024-03-07,25436,8.24,209.59
173,57,2024-03-20,23781,3.2,76.1
174,58,2024-03-22,18468,7.57,139.8
175,58,2024-02-14,31066,10.08,313.15
176,58,2024-02-07,6907,7.3,50.42
177,58,2024-01-25,25545,10.52,268.73
178,59,2024-03-06,19514,10.32,201.38
179,59,2024-03-14,33979,6.59,223.92
180,59,2024-03-19,4569,11.6,53.0
181,59,2024-02-15,4207,9.67,40.68
182,59,2024-03-02,36155,5.03,181.86
183,60,2024-01-24,40411,2.52,101.84
184,60,2024-01-07,39419,6.66,262.53
185,61,2024-03-18,2318,9.53,22.09
186,61,2024-03-14,43835,8.55,374.79
187,61,2024-01-01,2651,7.15,18.95
188,61,2024-03-14,22473,10.57,237.54
189,62,2024-01-22,31962,11.13,355.74
190,62,2024-02-04,40979,5.48,224.56
191,62,2024-01-04,32100,9.62,308.8
192,63,2024-02-07,40635,6.72,273.07
193,64,2024-03-23,24287,9.1,221.01
194,64,2024-01-26,47529,2.81,133.56
195,65,2024-03-31,6302,7.02,44.24
196,65,2024-02-18,40813,4.31,175.9
197,65,2024-02-06,18184,8.5,154.56
198,66,2024-01-17,26744,9.25,247.38
199,66,2024-01-22,5000,8.86,44.3
200,66,2024-03-11,24035,8.27,198.77
201,67,2024-02-03,13555,8.56,116.03
202,68,2024-01-24,30518,10.47,319.52
203,69,2024-03-13,38814,9.13,354.37
204,69,2024-02-20,13410,3.68,49.35
205,69,2024-02-11,28825,10.19,293.73
206,70,2024-01-14,14651,10.63,155.74
207,71,2024-03-06,38449,5.07,194.94
208,71,2024-01-12,48485,5.51,267.15
209,71,2024-02-26,24548,3.07,75.36
210,71,2024-02-22,39544,7.29,288.28
211,72,2024-03-30,7668,4.88,37.42
212,72,2024-02-26,48495,4.61,223.56
213,73,2024-01-14,11285,11.72,132.26
214,73,2024-01-18,15192,3.35,50.89
215,73,2024-03-27,7156,6.34,45.37
216,73,2024-01-19,30826,7.79,240.13
217,74,2024-03-31,35324,11.19,395.28
218,74,2024-02-25,25085,5.78,144.99
219,74,2024-02-25,1549,11.67,18.08
220,74,2024-03-08,48208,8.82,425.19
221,75,2024-02-25,18429,9.65,177.84
222,75,2024-01-15,46459,11.77,546.82
223,76,2024-01-20,40924,3.57,146.1
224,76,2024-03-20,14360,3.61,51.84
225,77,2024-02-03,18230,6.43,117.22
226,77,2024-03-06,48202,8.63,415.98
227,77,2024-03-01,24079,5.05,121.6
228,77,2024-03-18,17261,8.26,142.58
229,78,2024-03-13,21867,7.05,154.16
230,79,2024-02-26,41365,8.97,371.04
231,80,2024-03-14,36693,8.34,306.02
232,80,2024-01-30,3387,4.02,13.62
233,80,2024-03-15,33835,11.73,396.88
234,80,2024-03-18,8482,7.13,60.48
235,81,2024-01-12,4237,9.15,38.77
236,82,2024-02-10,33153,6.76,224.11
237,83,2024-03-03,39741,11.81,469.34
238,83,2024-03-09,38571,9.04,348.68
239,83,2024-03-30,49886,6.04,301.31
240,83,2024-02-09,5816,7.18,41.76
241,83,2024-03-17,42116,9.65,406.42
242,84,2024-02-20,37499,3.17,118.87
243,85,2024-01-30,44288,6.34,280.79
244,85,2024-03-20,4763,10.15,48.34
245,86,2024-02-25,15422,4.06,62.61
246,86,2024-03-22,49412,5.99,295.98
247,86,2024-03-30,29272,6.36,186.17
248,87,2024-03-22,27865,7.81,217.63
249,87,2024-02-10,37684,2.9,109.28
250,87,2024-03-12,10245,6.59,67.51
251,87,2024-01-10,15963,9.77,155.96
252,87,2024-03-24,10221,3.85,39.35
253,88,2024-03-25,21282,7.94,168.98
254,88,2024-03-08,40351,11.42,460.81
255,88,2024-01-11,28775,3.25,93.52
256,88,2024-03-19,6985,9.37,65.45
257,89,2024-02-13,34422,3.9,134.25
258,90,2024-01-05,12159,10.34,125.72
259,90,2024-03-11,26265,4.75,124.76
260,90,2024-02-20,18958,5.18,98.2
261,90,2024-01-06,29892,9.5,283.97
262,90,2024-03-24,16571,11.39,188.74
263,91,2024-02-09,49530,4.44,219.91
264,92,2024-03-16,35856,5.81,208.32
265,93,2024-03-31,48625,8.08,392.89
266,94,2024-03-13,39989,11.88,475.07
267,94,2024-02-04,15550,4.65,72.31
268,94,2024-01-21,17751,10.45,185.5
269,94,2024-03-31,17696,5.6,99.1
270,95,2024-03-08,48848,6.46,315.56
271,95,2024-01-24,30330,4.93,149.53
272,95,2024-03-28,34067,5.37,182.94
273,95,2024-02-13,10954,11.45,125.42
274,95,2024-02-14,15509,10.06,156.02
275,96,2024-02-13,43084,11.52,496.33
276,96,2024-01-21,43085,2.62,112.88
277,96,2024-02-27,47230,3.88,183.25
278,97,2024-02-06,36638,8.1,296.77
279,97,2024-01-12,13488,5.25,70.81
280,97,2024-02-16,35983,4.2,151.13
281,97,2024-03-04,41485,4.79,198.71
282,98,2024-03-17,14669,2.75,40.34
283,98,2024-03-09,8470,11.83,100.2
284,98,2024-02-29,27029,10.53,284.62
285,98,2024-01-19,11963,6.06,72.5
286,98,2024-01-03,44835,8.9,399.03
287,99,2024-02-15,26426,6.6,174.41
288,100,2024-02-08,39921,10.79,430.75
289,101,2024-02-20,48162,3.16,152.19
290,101,2024-03-02,28524,6.75,192.54
291,102,2024-01-30,44118,2.69,118.68
292,102,2024-01-02,2720,8.54,23.23
293,102,2024-01-12,33868,5.16,174.76
294,103,2024-02-17,12784,6.75,86.29
295,104,2024-01-22,49447,6.62,327.34
296,104,2024-02-02,4405,11.71,51.58
297,104,2024-03-23,5935,5.6,33.24
298,104,2024-03-13,8082,7.83,63.28
299,105,2024-01-30,1789,6.8,12.17
300,106,2024-01-06,46714,11.46,535.34
301,106,2024-02-02,18057,8.75,158.0
302,106,2024-02-06,12821,9.72,124.62
303,107,2024-02-29,13409,9.92,133.02
304,107,2024-01-01,29030,6.63,192.47
305,107,2024-02-01,15541,4.18,64.96
306,107,2024-02-03,14921,10.64,158.76
307,107,2024-02-15,40326,8.71,351.24
308,108,2024-01-16,10848,3.06,33.19
309,108,2024-02-06,43829,10.89,477.3
310,108,2024-03-23,41337,9.83,406.34
311,109,2024-03-16,2114,6.25,13.21
312,109,2024-01-19,47227,2.92,137.9
313,109,2024-01-23,17503,8.02,140.37
314,109,2024-01-01,38124,10.03,382.38
315,110,2024-01-15,44752,9.94,444.83
316,110,2024-02-09,10584,4.19,44.35
317,110,2024-01-13,17459,6.48,113.13
318,111,2024-01-26,38624,4.6,177.67
319,112,2024-03-05,45676,8.87,405.15
320,112,2024-03-11,7809,5.94,46.39
321,112,2024-02-03,23188,8.35,193.62
322,112,2024-01-18,15425,4.16,64.17
323,112,2024-02-03,12917,4.55,58.77
324,113,2024-03-16,42213,6.73,284.09
325,113,2024-01-17,2465,9.21,22.7
326,113,2024-02-09,29236,9.83,287.39
327,113,2024-02-25,24167,5.74,138.72
328,114,2024-01-13,33820,4.45,150.5
329,114,2024-02-21,11792,10.62,125.23
330,114,2024-03-31,47017,11.23,528.0
331,114,2024-01-25,18046,7.43,134.08
332,114,2024-02-23,39668,7.83,310.6
333,115,2024-03-30,32627,11.66,380.43
334,116,2024-01-04,5038,2.68,13.5
335,116,2024-02-05,3695,5.47,20.21
336,116,2024-01-30,14297,10.5,150.12
337,116,2024-01-31,24386,7.15,174.36
338,117,2024-03-12,5967,8.8,52.51
339,117,2024-03-02,23788,10.05,239.07
340,117,2024-01-31,23819,4.15,98.85
341,117,2024-01-11,47891,6.38,305.54
342,117,2024-01-29,33915,3.76,127.52
343,118,2024-01-14,27490,5.88,161.64
344,118,2024-02-16,14984,2.88,43.15
345,119,2024-01-03,34164,9.02,308.16
346,119,2024-01-01,12889,6.05,77.98
347,119,2024-01-24,19158,9.33,178.74
348,120,2024-03-01,47303,3.34,157.99
349,120,2024-02-25,39675,5.08,201.55
350,120,2024-03-07,32093,2.57,82.48
351,120,2024-01-31,44552,7.41,330.13
352,120,2024-03-13,44194,2.77,122.42
353,121,2024-02-11,13688,3.16,43.25
354,121,2024-01-28,11814,3.84,45.37
355,121,2024-03-28,1664,6.86,11.42
356,121,2024-03-06,13271,10.32,136.96
357,122,2024-02-27,31338,11.6,363.52
358,122,2024-02-16,11383,10.32,117.47
359,122,2024-02-10,20910,4.96,103.71
360,122,2024-01-01,33111,2.7,89.4
361,123,2024-01-28,19963,8.12,162.1
362,123,2024-01-11,20169,3.07,61.92
363,123,2024-02-28,6264,6.67,41.78
364,123,2024-03-26,11827,3.27,38.67
365,124,2024-02-05,25971,8.31,215.82
366,124,2024-01-11,10785,4.24,45.73
367,124,2024-01-03,3127,3.17,9.91
368,124,2024-03-10,35605,2.91,103.61
369,125,2024-01-20,17331,9.25,160.31
370,125,2024-01-08,16388,3.65,59.82
371,125,2024-02-10,21157,4.24,89.71
372,125,2024-02-28,39740,4.63,184.0
373,125,2024-03-21,17589,5.66,99.55
374,126,2024-01-13,3663,8.61,31.54
375,126,2024-01-11,37496,6.7,251.22
376,126,2024-03-05,15092,5.16,77.87
377,126,2024-02-01,37308,8.32,310.4
378,126,2024-01-14,13708,10.85,148.73
379,127,2024-01-27,43396,9.14,396.64
380,127,2024-03-07,46576,4.26,198.41
381,127,2024-01-25,47273,6.18,292.15
382,127,2024-01-20,23591,2.84,67.0
383,127,2024-02-04,21259,2.65,56.34
384,128,2024-02-25,22022,7.13,157.02
385,129,2024-03-15,16032,5.9,94.59
386,129,2024-02-14,12243,4.04,49.46
387,129,2024-03-31,31338,8.95,280.48
388,129,2024-03-25,24317,5.18,125.96
389,130,2024-03-19,47784,10.11,483.1
390,131,2024-02-17,25259,9.58,241.98
391,131,2024-03-07,41166,4.34,178.66
392,131,2024-03-22,29602,9.95,294.54
393,131,2024-03-19,8568,11.07,94.85
394,131,2024-03-20,43794,9.54,417.79
395,132,2024-03-14,2121,2.87,6.09
396,133,2024-01-29,39660,2.92,115.81
397,134,2024-03-23,45454,10.09,458.63
398,134,2024-01-11,26324,5.67,149.26
399,134,2024-02-04,37619,5.03,189.22
400,135,2024-03-16,36655,11.67,427.76
401,136,2024-01-02,38815,8.64,335.36
402,136,2024-01-05,26670,11.62,309.91
403,136,2024-03-28,26830,4.23,113.49
404,136,2024-01-13,10111,11.78,119.11
405,137,2024-02-15,35252,8.81,310.57
406,137,2024-02-02,14308,5.85,83.7
407,137,2024-01-22,8083,3.15,25.46
408,137,2024-02-28,10608,9.01,95.58
409,138,2024-01-15,47788,7.61,363.67
410,139,2024-02-03,9694,5.95,57.68
411,139,2024-03-08,43380,6.52,282.84
412,139,2024-02-04,37101,10.28,381.4
413,139,2024-03-25,13395,2.99,40.05
414,140,2024-03-25,43443,6.02,261.53
415,140,2024-02-02,28309,5.27,149.19
416,140,2024-03-17,39544,6.09,240.82
417,140,2024-01-15,4856,8.44,40.98
418,140,2024-02-21,23781,9.97,237.1
419,141,2024-01-11,19016,4.2,79.87
420,141,2024-01-26,29974,6.63,198.73
421,141,2024-03-07,41102,3.31,136.05
422,142,2024-02-07,1523,3.38,5.15
423,142,2024-02-01,33924,5.6,189.97
424,142,2024-01-12,17826,10.16,181.11
425,142,2024-01-28,13456,5.68,76.43
426,142,2024-03-25,29615,5.87,173.84
427,143,2024-02-14,26677,11.83,315.59
428,143,2024-02-09,39501,5.84,230.69
429,144,2024-02-16,9194,6.1,56.08
430,145,2024-01-13,3965,5.95,23.59
431,145,2024-02-13,4535,6.0,27.21
432,145,2024-03-29,33005,3.84,126.74
433,146,2024-03-31,30718,7.86,241.44
434,146,2024-03-06,1040,3.26,3.39
435,147,2024-02-01,11577,7.9,91.46
436,147,2024-02-07,32549,7.18,233.7
437,148,2024-03-27,40957,5.26,215.43
438,148,2024-01-29,47994,9.56,458.82
439,148,2024-03-27,35405,4.94,174.9
440,148,2024-03-10,14738,4.27,62.93
441,148,2024-02-26,27337,4.57,124.93
442,149,2024-03-02,25750,11.72,301.79
443,149,2024-03-31,21179,10.93,231.49
444,149,2024-01-29,37246,10.87,404.86
445,150,2024-03-04,26489,2.96,78.41
446,151,2024-03-03,5516,7.03,38.78
447,151,2024-01-25,24322,3.86,93.88
448,151,2024-02-09,9703,11.78,114.3
449,152,2024-03-10,10630,9.27,98.54
450,152,2024-01-26,46193,10.35,478.1
451,152,2024-03-16,12896,6.41,82.66
452,152,2024-02-03,8094,6.77,54.8
453,153,2024-03-28,35635,4.33,154.3
454,153,2024-01-12,7186,6.52,46.85
455,153,2024-03-03,26105,10.38,270.97
456,154,2024-03-24,47606,3.47,165.19
457,154,2024-02-19,14849,11.7,173.73
458,154,2024-01-16,6276,3.84,24.1
459,154,2024-02-13,24163,5.28,127.58
460,154,2024-03-09,26713,8.1,216.38
461,155,2024-01-14,39230,7.9,309.92
462,155,2024-02-25,30171,10.96,330.67
463,156,2024-03-05,7340,9.7,71.2
464,156,2024-01-31,20667,11.46,236.84
465,156,2024-01-17,9068,4.57,41.44
466,156,2024-02-03,31327,11.64,364.65
467,156,2024-03-28,46159,3.61,166.63
468,157,2024-02-27,25186,8.86,223.15
469,157,2024-03-30,40253,5.19,208.91
470,157,2024-03-10,6000,3.84,23.04
471,157,2024-02-20,21359,2.74,58.52
472,158,2024-03-12,44086,10.33,455.41
473,158,2024-03-17,36834,7.75,285.46
474,158,2024-01-05,23466,9.52,223.4
475,158,2024-03-28,33680,5.68,191.3
476,158,2024-02-24,35434,6.06,214.73
477,159,2024-03-24,4804,2.9,13.93
478,160,2024-02-28,9857,7.2,70.97
479,160,2024-02-06,37170,9.17,340.85
480,160,2024-03-06,47018,7.41,348.4
481,160,2024-03-02,3494,5.53,19.32
482,161,2024-02-19,34470,8.9,306.78
483,161,2024-03-22,47084,6.32,297.57
484,161,2024-03-22,8849,3.0,26.55
485,161,2024-03-08,20570,11.69,240.46
486,162,2024-03-09,24478,6.11,149.56
487,162,2024-01-16,15104,8.97,135.48
488,162,2024-01-09,2287,11.69,26.74
489,162,2024-03-14,20255,5.86,118.69
490,163,2024-01-10,29438,7.7,226.67
491,163,2024-03-22,47251,3.95,186.64
492,164,2024-01-04,18858,2.69,50.73
493,165,2024-02-23,38917,5.88,228.83
494,165,2024-03-14,7291,3.05,22.24
495,166,2024-03-18,15278,10.55,161.18
496,166,2024-02-26,30338,3.44,104.36
497,167,2024-01-30,39369,9.39,369.67
498,168,2024-01-01,17392,8.64,150.27
499,168,2024-01-05,31668,4.95,156.76
500,169,2024-03-11,34422,4.3,148.01
501,169,2024-01-05,6534,4.97,32.47
502,169,2024-02-16,8525,2.62,22.34
503,170,2024-03-06,35102,10.4,365.06
504,170,2024-01-17,17717,11.1,196.66
505,170,2024-01-05,25227,7.03,177.35
506,170,2024-03-31,25812,6.61,170.62
507,171,2024-02-20,7686,11.96,91.92
508,171,2024-03-01,30872,3.66,112.99
509,171,2024-03-16,23656,5.41,127.98
510,171,2024-02-24,21113,11.14,235.2
511,171,2024-02-04,32120,7.35,236.08
512,172,2024-01-08,1919,11.68,22.41
513,172,2024-01-25,39866,6.56,261.52
514,172,2024-02-27,48706,7.4,360.42
515,172,2024-03-25,14721,11.08,163.11
516,172,2024-02-01,22679,7.92,179.62
517,173,2024-02-25,49642,8.92,442.81
518,173,2024-02-11,32211,9.3,299.56
519,173,2024-01-06,27517,6.24,171.71
520,174,2024-01-08,11236,6.66,74.83
521,175,2024-01-27,23934,10.38,248.43
522,176,2024-01-23,11874,6.15,73.03
523,176,2024-03-04,15018,9.36,140.57
524,176,2024-02-16,19542,7.91,154.58
525,176,2024-01-23,43881,4.63,203.17
526,177,2024-02-29,5488,3.32,18.22
527,177,2024-02-15,43816,11.57,506.95
528,177,2024-01-25,45829,7.56,346.47
529,178,2024-03-09,28435,2.74,77.91
530,178,2024-01-25,4699,3.04,14.28
531,178,2024-03-11,47256,10.36,489.57
532,178,2024-03-31,39012,11.58,451.76
533,179,2024-03-04,33001,8.51,280.84
534,180,2024-01-23,10855,10.48,113.76
535,180,2024-02-29,15361,5.09,78.19
536,181,2024-01-27,44279,2.72,120.44
537,181,2024-03-18,26376,9.71,256.11
538,181,2024-01-17,8571,5.01,42.94
539,181,2024-01-10,35278,9.88,348.55
540,182,2024-02-10,40249,7.22,290.6
541,182,2024-02-01,1473,4.51,6.64
542,182,2024-03-31,28630,4.87,139.43
543,182,2024-03-15,42859,4.47,191.58
544,183,2024-02-08,8889,9.88,87.82
545,183,2024-03-09,22028,5.38,118.51
546,183,2024-03-15,27058,9.53,257.86
547,183,2024-01-05,27937,5.47,152.82
548,184,2024-02-17,48063,8.37,402.29
549,184,2024-01-01,25079,7.21,180.82
550,184,2024-03-25,19595,8.35,163.62
551,184,2024-02-23,43886,2.77,121.56
552,185,2024-02-06,26035,5.63,146.58
553,185,2024-03-06,10450,10.72,112.02
554,185,2024-02-27,47827,10.27,491.18
555,186,2024-01-28,35585,3.62,128.82
556,187,2024-02-04,44896,6.6,296.31
557,187,2024-02-23,44866,7.85,352.2
558,187,2024-02-29,32856,3.66,120.25
559,188,2024-01-12,13248,10.86,143.87
560,188,2024-01-11,15386,11.86,182.48
561,188,2024-02-07,26748,4.12,110.2
562,189,2024-02-17,10747,9.96,107.04
563,189,2024-03-02,7984,11.87,94.77
564,189,2024-03-01,9071,5.15,46.72
565,189,2024-01-17,1389,11.9,16.53
566,189,2024-03-24,38106,4.82,183.67
567,190,2024-01-02,29030,3.6,104.51
568,190,2024-03-08,39758,10.78,428.59
569,190,2024-01-17,13552,9.63,130.51
570,190,2024-02-10,34465,10.03,345.68
571,190,2024-03-14,39423,4.31,169.91
572,191,2024-02-04,9940,5.27,52.38
573,192,2024-02-03,22263,8.8,195.91
574,192,2024-01-16,14614,4.63,67.66
575,193,2024-02-10,30492,7.43,226.56
576,193,2024-03-30,23191,10.35,240.03
577,193,2024-01-13,32939,9.53,313.91
578,193,2024-03-15,19735,4.16,82.1
579,193,2024-03-12,35748,3.11,111.18
580,194,2024-03-30,29010,5.61,162.75
581,194,2024-01-14,44598,4.86,216.75
582,194,2024-03-24,28114,2.7,75.91
583,195,2024-01-18,12217,9.83,120.09
584,195,2024-03-24,31795,7.02,223.2
585,195,2024-03-31,13180,9.27,122.18
586,196,2024-03-12,20959,7.32,153.42
587,196,2024-02-22,39756,8.89,353.43
588,196,2024-01-15,14882,4.72,70.24
589,196,2024-01-03,11943,3.97,47.41
590,196,2024-03-31,3886,6.25,24.29
591,197,2024-01-16,30053,11.1,333.59
592,197,2024-03-29,9425,11.93,112.44
593,197,2024-02-06,20358,3.38,68.81
594,197,2024-01-31,11679,8.63,100.79
595,198,2024-02-17,14744,8.34,122.96
596,198,2024-01-13,16358,3.27,53.49
597,199,2024-01-13,32878,9.84,323.52
598,199,2024-03-20,17535,2.51,44.01
599,199,2024-01-30,44123,11.65,514.03
600,200,2024-01-02,21090,9.6,202.46
601,200,2024-02-09,47032,6.16,289.72
602,201,2024-03-23,25401,11.79,299.48
603,201,2024-01-20,33569,9.44,316.89
604,201,2024-03-30,34893,9.14,318.92
605,201,2024-01-16,7354,5.67,41.7
606,201,2024-01-09,6086,5.91,35.97
607,202,2024-03-12,32938,5.04,166.01
608,202,2024-03-30,41886,10.51,440.22
609,202,2024-01-18,6338,8.15,51.65
610,202,2024-03-27,47441,8.13,385.7
611,203,2024-02-04,33272,8.35,277.82
612,204,2024-01-30,17791,11.85,210.82
613,204,2024-01-26,8228,8.24,67.8
614,204,2024-03-23,3375,6.49,21.9
615,204,2024-01-24,8314,5.61,46.64
616,204,2024-03-21,46452,8.5,394.84
617,205,2024-02-22,24735,7.81,193.18
618,205,2024-02-07,21728,10.98,238.57
619,205,2024-02-16,40572,4.93,200.02
620,205,2024-03-29,40974,10.04,411.38
621,206,2024-01-28,12966,10.25,132.9
622,207,2024-02-01,36268,3.71,134.55
623,208,2024-03-15,40232,7.74,311.4
624,208,2024-02-29,1608,10.5,16.88
625,208,2024-02-11,42407,5.92,251.05
626,208,2024-01-26,45112,8.97,404.65
627,208,2024-03-02,24326,6.72,163.47
628,209,2024-01-14,7513,9.75,73.25
629,209,2024-03-08,8108,9.65,78.24
630,209,2024-03-13,13435,8.5,114.2
631,209,2024-03-19,12814,2.93,37.55
632,210,2024-03-30,19193,10.97,210.55
633,211,2024-01-13,36688,11.16,409.44
634,211,2024-03-07,21176,3.01,63.74
635,211,2024-02-19,3236,6.87,22.23
636,211,2024-02-21,29745,6.91,205.54
637,212,2024-03-08,24191,4.28,103.54
638,212,2024-01-11,1451,3.84,5.57
639,212,2024-02-12,49845,7.11,354.4
640,213,2024-01-12,14454,10.94,158.13
641,213,2024-03-20,19818,9.3,184.31
642,214,2024-01-07,29368,9.47,278.11
643,215,2024-01-07,8091,3.08,24.92
644,215,2024-02-15,24930,5.96,148.58
645,215,2024-01-16,7633,7.17,54.73
646,216,2024-01-23,39419,6.12,241.24
647,216,2024-02-01,19842,6.79,134.73
648,216,2024-02-14,46785,5.34,249.83
649,217,2024-02-09,19254,9.41,181.18
650,217,2024-01-24,44414,7.96,353.54
651,218,2024-02-18,46211,3.03,140.02
652,218,2024-02-24,6558,11.01,72.2
653,218,2024-03-02,44842,5.02,225.11
654,219,2024-01-04,19437,11.21,217.89
655,220,2024-03-24,36460,7.1,258.87
656,220,2024-01-01,45034,6.43,289.57
657,220,2024-02-19,29381,8.81,258.85
658,220,2024-02-03,44704,9.08,405.91
659,221,2024-01-12,19748,4.21,83.14
660,221,2024-03-11,17188,11.19,192.33
661,221,2024-02-21,26600,5.09,135.39
662,221,2024-03-21,23278,3.84,89.39
663,222,2024-03-04,30521,3.96,120.86
664,222,2024-03-18,41134,3.82,157.13
665,222,2024-03-16,19279,8.45,162.91
666,223,2024-02-04,26350,9.87,260.07
667,223,2024-03-31,16410,3.35,54.97
668,223,2024-01-09,22254,5.47,121.73
669,223,2024-01-21,41708,8.09,337.42
670,224,2024-01-01,16244,5.99,97.3
671,224,2024-03-06,21644,2.93,63.42
672,224,2024-03-11,6964,3.64,25.35
673,224,2024-03-06,28226,7.46,210.57
674,224,2024-02-14,41485,2.97,123.21
675,225,2024-01-25,27925,9.77,272.83
676,225,2024-01-12,39826,8.79,350.07
677,225,2024-02-17,46022,11.01,506.7
678,225,2024-03-22,9380,11.78,110.5
679,226,2024-03-20,10738,9.19,98.68
680,226,2024-02-29,17992,6.51,117.13
681,226,2024-02-15,43493,11.89,517.13
682,226,2024-01-23,31633,7.61,240.73
683,226,2024-02-18,8509,6.25,53.18
684,227,2024-03-10,12819,9.01,115.5
685,228,2024-03-25,32097,10.7,343.44
686,228,2024-01-07,42119,9.97,419.93
687,228,2024-03-18,11916,10.6,126.31
688,228,2024-03-10,41072,5.07,208.24
689,229,2024-02-27,26550,2.88,76.46
690,229,2024-02-24,5386,7.97,42.93
691,229,2024-01-14,45950,3.83,175.99
692,229,2024-02-28,4944,8.94,44.2
693,229,2024-02-26,29935,5.37,160.75
694,230,2024-03-21,31412,8.93,280.51
695,230,2024-01-25,38216,6.22,237.7
696,230,2024-03-23,38910,11.44,445.13
697,230,2024-02-17,8703,9.76,84.94
698,230,2024-02-08,48640,4.93,239.8
699,231,2024-03-16,27563,2.74,75.52
700,231,2024-03-14,39464,8.21,324.0
701,232,2024-03-18,22055,6.25,137.84
702,232,2024-02-15,29217,10.85,317.0
703,233,2024-02-18,34477,6.73,232.03
704,233,2024-01-24,8535,11.66,99.52
705,234,2024-02-20,23809,3.74,89.05
706,234,2024-01-23,34134,10.8,368.65
707,234,2024-02-27,23909,9.32,222.83
708,234,2024-02-11,28365,7.51,213.02
709,234,2024-03-29,14041,6.02,84.53
710,235,2024-02-08,43793,4.06,177.8
711,235,2024-02-22,37154,4.03,149.73
712,235,2024-01-15,24642,8.87,218.57
713,235,2024-01-29,37427,11.87,444.26
714,235,2024-02-05,1281,6.72,8.61
715,236,2024-01-06,39368,3.02,118.89
716,236,2024-01-19,45367,6.23,282.64
717,237,2024-03-28,1616,8.01,12.94
718,237,2024-01-11,19355,2.92,56.52
719,237,2024-03-09,36144,6.36,229.88
720,237,2024-03-04,5051,3.28,16.57
721,237,2024-01-28,32217,9.31,299.94
722,238,2024-02-15,46461,11.6,538.95
723,238,2024-02-12,4898,8.41,41.19
724,239,2024-01-01,14415,8.05,116.04
725,240,2024-01-15,5584,4.76,26.58
726,240,2024-03-24,36261,6.83,247.66
727,240,2024-03-01,28109,8.6,241.74
728,241,2024-01-10,47274,9.58,452.88
729,241,2024-02-29,40506,4.15,168.1
730,241,2024-01-22,42002,11.1,466.22
731,241,2024-03-04,39677,3.76,149.19
732,242,2024-01-01,36311,5.96,216.41
733,243,2024-02-23,16863,6.45,108.77
734,244,2024-01-16,47223,5.86,276.73
735,244,2024-02-05,17741,4.37,77.53
736,244,2024-02-12,17577,3.3,58.0
737,244,2024-02-21,2047,11.26,23.05
738,244,2024-02-13,22078,5.07,111.94
739,245,2024-03-05,42813,2.5,107.03
740,245,2024-03-22,34003,9.06,308.07
741,245,2024-03-27,37500,8.56,321.0
742,246,2024-03-29,29009,6.59,191.17
743,246,2024-01-24,5779,11.1,64.15
744,246,2024-01-20,36500,4.09,149.28
745,246,2024-02-28,7985,4.8,38.33
746,246,2024-03-31,25431,8.71,221.5
747,247,2024-02-06,13804,5.78,79.79
748,247,2024-03-08,10357,9.67,100.15
749,247,2024-02-21,11076,10.41,115.3
750,247,2024-03-24,33500,7.09,237.51
751,248,2024-03-18,3795,7.5,28.46
752,248,2024-02-20,27186,2.69,73.13
753,249,2024-03-24,22284,9.88,220.17
754,249,2024-02-16,28703,4.64,133.18
755,249,2024-01-14,37903,6.99,264.94
756,249,2024-03-02,37470,11.39,426.78
757,250,2024-01-16,28487,11.64,331.59
758,250,2024-02-23,45620,7.07,322.53
759,250,2024-03-03,33623,7.92,266.29
760,250,2024-03-08,6128,5.01,30.7
761,251,2024-03-01,27590,4.94,136.29
762,251,2024-03-18,36581,5.42,198.27
763,251,2024-01-14,14443,5.34,77.13
764,251,2024-02-18,27073,7.45,201.69
765,252,2024-01-29,26798,3.96,106.12
766,252,2024-01-29,36508,9.78,357.05
767,252,2024-02-20,45609,7.64,348.45
768,253,2024-01-13,1729,11.34,19.61
769,253,2024-02-25,5669,9.75,55.27
770,253,2024-03-31,20400,4.14,84.46
771,253,2024-01-14,19388,5.63,109.15
772,254,2024-01-12,40178,10.59,425.49
773,254,2024-01-17,39228,10.54,413.46
774,254,2024-02-25,42568,11.12,473.36
775,255,2024-01-17,9362,10.48,98.11
776,255,2024-03-01,46508,11.7,544.14
777,255,2024-03-17,14883,11.5,171.15
778,256,2024-01-28,12089,4.0,48.36
779,256,2024-01-25,19037,3.76,71.58
780,257,2024-03-20,15846,10.86,172.09
781,257,2024-02-26,40100,11.88,476.39
782,257,2024-02-08,34690,11.58,401.71
783,258,2024-02-02,2840,2.8,7.95
784,258,2024-02-14,43428,3.85,167.2
785,258,2024-03-17,35821,10.57,378.63
786,258,2024-01-14,3708,6.47,23.99
787,258,2024-03-13,35991,11.01,396.26
788,259,2024-01-25,23398,2.93,68.56
789,259,2024-03-21,48360,11.65,563.39
790,260,2024-01-13,15659,5.17,80.96
791,260,2024-01-21,15750,4.25,66.94
792,260,2024-02-14,18105,5.35,96.86
793,260,2024-01-01,42013,7.43,312.16
794,261,2024-03-05,10781,10.77,116.11
795,262,2024-03-09,31767,11.53,366.27
796,262,2024-01-29,40892,2.62,107.14
797,262,2024-02-03,32562,7.18,233.8
798,262,2024-01-02,39149,3.21,125.67
799,262,2024-03-27,42003,7.28,305.78
800,263,2024-03-06,6480,8.74,56.64
801,263,2024-02-10,24170,9.24,223.33
802,263,2024-02-24,32346,9.04,292.41
803,263,2024-03-09,37591,9.4,353.36
804,263,2024-01-19,8644,7.26,62.76
805,264,2024-03-23,47291,10.37,490.41
806,264,2024-02-25,13186,4.49,59.21
807,264,2024-01-12,34485,10.73,370.02
808,264,2024-03-05,38596,7.49,289.08
809,265,2024-02-04,18549,5.69,105.54
810,266,2024-03-06,21559,10.61,228.74
811,266,2024-03-10,25088,3.97,99.6
812,266,2024-03-22,22438,5.29,118.7
813,266,2024-01-25,19076,9.63,183.7
814,266,2024-03-18,30283,6.83,206.83
815,267,2024-03-19,7175,9.82,70.46
816,267,2024-02-29,19392,9.66,187.33
817,268,2024-03-27,44695,8.76,391.53
818,269,2024-03-09,5668,9.31,52.77
819,269,2024-03-18,32155,4.75,152.74
820,269,2024-03-01,11536,8.57,98.86
821,269,2024-02-05,24127,7.89,190.36
822,270,2024-02-20,29318,10.17,298.16
823,270,2024-01-29,18171,5.93,107.75
824,270,2024-01-24,21456,6.98,149.76
825,271,2024-01-06,48170,4.68,225.44
826,272,2024-03-12,27824,4.8,133.56
827,272,2024-02-02,35839,11.31,405.34
828,273,2024-01-10,30223,9.09,274.73
829,273,2024-02-13,33096,3.61,119.48
830,273,2024-01-28,4775,7.0,33.43
831,273,2024-03-24,42094,2.78,117.02
832,274,2024-02-01,43301,4.94,213.91
833,274,2024-03-29,4546,5.26,23.91
834,275,2024-01-10,34646,8.43,292.07
835,276,2024-02-04,20319,8.09,164.38
836,277,2024-02-09,29276,9.84,288.08
837,277,2024-01-13,16432,7.45,122.42
838,277,2024-01-07,22941,2.58,59.19
839,278,2024-01-02,12642,7.25,91.65
840,279,2024-03-04,15841,5.34,84.59
841,279,2024-01-19,34467,9.63,331.92
842,279,2024-03-29,32906,4.79,157.62
843,279,2024-02-15,25192,6.21,156.44
844,280,2024-03-11,26845,2.72,73.02
845,281,2024-01-10,1674,10.41,17.43
846,281,2024-03-12,47464,2.99,141.92
847,281,2024-03-14,15927,8.78,139.84
848,281,2024-02-17,42671,9.46,403.67
849,282,2024-01-31,18822,11.59,218.15
850,282,2024-03-12,3818,5.53,21.11
851,282,2024-03-03,19062,8.93,170.22
852,282,2024-02-02,4102,2.57,10.54
853,282,2024-01-05,12186,4.19,51.06
854,283,2024-03-08,33986,5.83,198.14
855,283,2024-01-28,30848,6.89,212.54
856,283,2024-01-03,48031,10.89,523.06
857,283,2024-02-09,48212,10.81,521.17
858,284,2024-02-24,35501,7.52,266.97
859,284,2024-02-04,48782,4.57,222.93
860,284,2024-01-26,28703,5.73,164.47
861,284,2024-01-16,47430,11.23,532.64
862,284,2024-01-10,31265,10.58,330.78
863,285,2024-03-24,7329,5.4,39.58
864,285,2024-03-14,8265,5.77,47.69
865,285,2024-03-22,28236,6.98,197.09
866,285,2024-02-06,45902,10.22,469.12
867,286,2024-01-18,30917,11.81,365.13
868,286,2024-03-18,36168,6.95,251.37
869,286,2024-03-18,18949,8.95,169.59
870,287,2024-01-19,37299,10.62,396.12
871,287,2024-03-08,12073,8.13,98.15
872,287,2024-02-18,39137,11.23,439.51
873,288,2024-03-03,40369,8.94,360.9
874,288,2024-02-10,46881,2.84,133.14
875,289,2024-03-20,17329,7.92,137.25
876,289,2024-01-16,33198,7.48,248.32
877,290,2024-03-04,13009,10.68,138.94
878,290,2024-01-27,44873,3.65,163.79
879,290,2024-01-05,40319,6.91,278.6
880,290,2024-03-17,11795,11.48,135.41
881,290,2024-02-03,25773,9.66,248.97
882,291,2024-01-22,17655,3.69,65.15
883,292,2024-01-17,10990,6.23,68.47
884,293,2024-03-24,20199,8.16,164.82
885,293,2024-01-15,24051,6.49,156.09
886,293,2024-02-08,25832,10.03,259.09
887,293,2024-03-14,1987,11.03,21.92
888,293,2024-02-04,41977,8.5,356.8
889,294,2024-01-20,17232,9.26,159.57
890,294,2024-03-03,34850,6.56,228.62
891,294,2024-01-09,38243,10.31,394.29
892,295,2024-02-08,9969,9.63,96.0
893,295,2024-02-12,13221,9.97,131.81
894,295,2024-02-25,46006,3.36,154.58
895,295,2024-02-03,15732,11.49,180.76
896,295,2024-01-20,30191,8.3,250.59
897,296,2024-03-10,48315,5.14,248.34
898,297,2024-03-30,5876,4.53,26.62
899,297,2024-03-31,27490,6.04,166.04
900,298,2024-01-12,18450,4.02,74.17
901,298,2024-01-13,24750,10.02,247.99
902,299,2024-03-25,48610,6.41,311.59
903,299,2024-03-08,37763,9.84,371.59
904,300,2024-02-25,20260,9.85,199.56
905,300,2024-02-26,23377,4.98,116.42
906,300,2024-02-19,26933,9.1,245.09
907,301,2024-02-05,47972,3.18,152.55
908,301,2024-01-25,8531,7.85,66.97
909,301,2024-01-06,5865,7.83,45.92
910,301,2024-03-05,8307,5.2,43.2
911,302,2024-02-11,25072,10.32,258.74
912,302,2024-01-27,2663,8.53,22.72
913,302,2024-03-04,44977,3.55,159.67
914,302,2024-02-08,40539,5.18,209.99
915,303,2024-02-10,40696,7.05,286.91
916,304,2024-01-14,4766,10.62,50.61
917,304,2024-03-22,12786,6.65,85.03
918,304,2024-03-31,1945,7.5,14.59
919,304,2024-02-14,41836,9.95,416.27
920,305,2024-01-22,10135,9.35,94.76
921,305,2024-01-08,38581,3.86,148.92
922,305,2024-03-12,34239,3.71,127.03
923,305,2024-02-18,43267,11.14,481.99
924,305,2024-01-23,9051,11.73,106.17
925,306,2024-02-21,47471,3.05,144.79
926,306,2024-02-05,1428,11.37,16.24
927,307,2024-01-08,47118,8.0,376.94
928,308,2024-02-24,39213,5.48,214.89
929,308,2024-01-29,38574,4.03,155.45
930,308,2024-01-17,8454,11.95,101.03
931,308,2024-03-21,22039,5.16,113.72
932,309,2024-03-17,27700,6.76,187.25
933,309,2024-01-17,32768,3.78,123.86
934,309,2024-02-29,23740,2.63,62.44
935,309,2024-01-10,19585,3.16,61.89
936,310,2024-02-14,17974,5.58,100.29
937,310,2024-01-24,16334,4.79,78.24
938,311,2024-03-01,7095,6.51,46.19
939,311,2024-01-10,25176,5.88,148.03
940,312,2024-03-28,49886,4.8,239.45
941,312,2024-03-26,23376,9.85,230.25
942,312,2024-03-01,22683,4.63,105.02
943,312,2024-03-14,11866,3.83,45.45
944,312,2024-03-11,35993,9.6,345.53
945,313,2024-01-08,26716,10.15,271.17
946,313,2024-01-25,9076,3.9,35.4
947,314,2024-02-28,1535,2.56,3.93
948,314,2024-03-21,5446,3.16,17.21
949,315,2024-02-22,36368,10.83,393.87
950,315,2024-02-08,47224,6.79,320.65
951,315,2024-02-12,44354,5.08,225.32
952,315,2024-03-07,5890,11.78,69.38
953,316,2024-02-06,45089,5.31,239.42
954,316,2024-03-31,45383,2.8,127.07
955,316,2024-03-19,24632,10.93,269.23
956,317,2024-01-25,5539,3.49,19.33
957,317,2024-02-11,30057,10.72,322.21
958,317,2024-02-21,37891,3.74,141.71
959,317,2024-03-17,9996,2.62,26.19
960,317,2024-03-05,7803,5.4,42.14
961,318,2024-03-17,2096,8.2,17.19
962,318,2024-02-09,38321,2.94,112.66
963,318,2024-01-01,8337,5.46,45.52
964,318,2024-03-12,32425,5.12,166.02
965,318,2024-03-14,10771,10.72,115.47
966,319,2024-01-17,36456,3.36,122.49
967,319,2024-02-13,15422,4.16,64.16
968,319,2024-03-11,44931,9.3,417.86
969,320,2024-02-28,37444,4.46,167.0
970,320,2024-02-26,14190,5.15,73.08
971,320,2024-03-08,12420,10.54,130.91
972,321,2024-01-01,5704,5.34,30.46
973,321,2024-03-13,7718,7.11,54.87
974,322,2024-01-27,8046,6.05,48.68
975,322,2024-01-15,32267,10.75,346.87
976,322,2024-02-29,44700,6.42,286.97
977,322,2024-01-27,40675,10.6,431.15
978,322,2024-02-27,9813,5.15,50.54
979,323,2024-01-03,30690,8.98,275.6
980,323,2024-02-06,41471,8.61,357.07
981,324,2024-01-19,39157,11.44,447.96
982,324,2024-01-14,48369,8.82,426.61
983,324,2024-01-29,19766,4.2,83.02
984,324,2024-02-29,41003,6.19,253.81
985,324,2024-03-25,9920,11.78,116.86
986,325,2024-01-09,19494,10.91,212.68
987,325,2024-02-27,34611,8.69,300.77
988,325,2024-02-15,47012,3.12,146.68
989,325,2024-03-13,19664,10.48,206.08
990,326,2024-01-02,20214,6.14,124.11
991,326,2024-01-17,17724,11.94,211.62
992,326,2024-02-03,39534,4.8,189.76
993,326,2024-02-20,3193,8.68,27.72
994,326,2024-03-22,23108,11.58,267.59
995,327,2024-01-22,33060,4.35,143.81
996,327,2024-01-15,43559,4.72,205.6
997,327,2024-01-22,5615,11.18,62.78
998,327,2024-01-10,41500,8.51,353.16
999,327,2024-03-17,10723,10.49,112.48
1000,328,2024-03-13,23096,11.37,262.6
1001,328,2024-03-23,1491,8.96,13.36
1002,329,2024-02-24,44820,9.48,424.89
1003,329,2024-02-07,37134,11.51,427.41
1004,330,2024-01-06,28192,9.11,256.83
1005,330,2024-03-25,27899,9.93,277.04
1006,330,2024-02-22,15165,7.05,106.91
1007,330,2024-01-28,31655,3.43,108.58
1008,331,2024-01-14,1905,8.42,16.04
1009,331,2024-02-18,16835,10.08,169.7
1010,332,2024-03-21,45881,9.94,456.06
1011,332,2024-02-21,9295,3.1,28.81
1012,332,2024-02-29,41587,5.09,211.68
1013,333,2024-01-26,33159,3.02,100.14
1014,333,2024-01-25,17329,6.53,113.16
1015,333,2024-01-28,42604,11.34,483.13
1016,333,2024-01-04,36765,10.1,371.33
1017,333,2024-02-06,3852,8.64,33.28
1018,334,2024-03-27,41569,9.99,415.27
1019,334,2024-02-11,6977,3.84,26.79
1020,335,2024-01-12,42592,11.89,506.42
1021,335,2024-01-08,12643,2.94,37.17
1022,336,2024-02-29,7811,10.92,85.3
1023,337,2024-01-22,16209,4.15,67.27
1024,337,2024-02-22,20968,9.72,203.81
1025,338,2024-01-12,21122,5.7,120.4
1026,338,2024-01-12,8530,11.2,95.54
1027,338,2024-02-29,49256,9.34,460.05
1028,338,2024-01-06,11475,5.53,63.46
1029,338,2024-02-11,6246,2.65,16.55
1030,339,2024-01-02,16904,7.27,122.89
1031,339,2024-03-26,26023,4.07,105.91
1032,340,2024-03-02,27513,9.89,272.1
1033,340,2024-02-24,1839,5.65,10.39
1034,340,2024-02-24,2778,7.55,20.97
1035,340,2024-01-30,26920,6.7,180.36
1036,341,2024-03-05,5402,11.34,61.26
1037,342,2024-01-01,8175,11.44,93.52
1038,342,2024-03-27,38278,2.84,108.71
1039,342,2024-02-21,26729,4.46,119.21
1040,342,2024-03-03,21676,11.31,245.16
1041,343,2024-02-17,43040,9.69,417.06
1042,343,2024-01-19,40417,2.85,115.19
1043,343,2024-02-03,30672,8.14,249.67
1044,344,2024-01-03,9020,3.68,33.19
1045,345,2024-02-02,10783,6.8,73.32
1046,346,2024-01-07,49219,8.15,401.13
1047,346,2024-01-15,23588,11.57,272.91
1048,346,2024-01-21,32643,11.4,372.13
1049,346,2024-02-22,44213,10.74,474.85
1050,346,2024-03-11,41299,3.38,139.59
1051,347,2024-03-06,40424,8.99,363.41
1052,347,2024-02-18,27720,9.39,260.29
1053,347,2024-03-07,19593,3.15,61.72
1054,347,2024-02-21,12971,10.07,130.62
1055,347,2024-01-27,15290,4.3,65.75
1056,348,2024-01-03,32166,11.48,369.27
1057,348,2024-02-13,48705,9.29,452.47
1058,348,2024-01-19,8656,9.69,83.88
1059,348,2024-03-23,4494,3.26,14.65
1060,349,2024-02-20,32501,8.79,285.68
1061,350,2024-02-15,30333,4.36,132.25
1062,350,2024-02-11,20356,4.46,90.79
1063,350,2024-03-24,28216,7.97,224.88
1064,350,2024-02-09,19179,8.64,165.71
1065,351,2024-03-19,19676,10.4,204.63
1066,351,2024-01-29,39903,3.36,134.07
1067,351,2024-03-21,1105,9.98,11.03
1068,352,2024-03-15,25206,5.34,134.6
1069,353,2024-03-30,6171,5.45,33.63
1070,353,2024-02-01,18546,10.16,188.43
1071,353,2024-01-17,46292,6.94,321.27
1072,353,2024-02-10,49625,8.88,440.67
1073,353,2024-02-11,48098,4.7,226.06
1074,354,2024-02-20,10823,7.63,82.58
1075,354,2024-02-27,3406,10.26,34.95
1076,354,2024-03-24,20180,3.96,79.91
1077,354,2024-02-14,48950,3.43,167.9
1078,354,2024-03-20,7697,7.3,56.19
1079,355,2024-03-16,31708,8.83,279.98
1080,356,2024-02-11,28501,5.06,144.22
1081,357,2024-02-06,24721,10.0,247.21
1082,357,2024-03-15,34354,4.31,148.07
1083,358,2024-03-16,19618,3.94,77.29
1084,359,2024-03-18,1029,7.98,8.21
1085,360,2024-03-08,7747,10.35,80.18
1086,360,2024-01-13,26606,4.32,114.94
1087,360,2024-01-14,38449,8.78,337.58
1088,360,2024-01-23,24341,9.58,233.19
1089,361,2024-03-09,48994,8.89,435.56
1090,362,2024-01-11,8568,2.56,21.93
1091,363,2024-01-28,19314,5.92,114.34
1092,364,2024-02-15,44868,10.37,465.28
1093,364,2024-01-23,40617,10.32,419.17
1094,365,2024-03-02,49924,9.15,456.8
1095,365,2024-01-16,42176,9.06,382.11
1096,365,2024-02-21,44754,6.96,311.49
1097,365,2024-03-14,45839,7.33,336.0
1098,366,2024-01-30,19933,2.64,52.62
1099,366,2024-03-08,35526,11.09,393.98
1100,366,2024-01-02,31396,8.12,254.94
1101,366,2024-01-04,26853,9.77,262.35
1102,367,2024-01-21,34254,5.42,185.66
1103,367,2024-03-27,43238,9.49,410.33
1104,367,2024-02-03,38864,8.96,348.22
1105,368,2024-02-04,28787,4.24,122.06
1106,368,2024-01-05,45615,7.74,353.06
1107,369,2024-02-21,32973,6.21,204.76
1108,369,2024-01-04,5635,8.98,50.6
1109,369,2024-01-25,1878,7.34,13.78
1110,369,2024-03-06,9478,10.13,96.01
1111,369,2024-01-03,2547,10.62,27.05
1112,370,2024-03-21,26835,10.72,287.67
1113,370,2024-02-27,31389,6.38,200.26
1114,370,2024-01-31,5321,6.04,32.14
1115,371,2024-01-02,4475,8.75,39.16
1116,371,2024-01-17,47309,6.89,325.96
1117,371,2024-01-13,20426,10.64,217.33
1118,371,2024-01-24,3420,7.13,24.38
1119,371,2024-01-22,12130,11.63,141.07
1120,372,2024-03-23,19064,10.99,209.51
1121,372,2024-03-18,12926,3.38,43.69
1122,372,2024-01-22,9018,11.94,107.67
1123,373,2024-03-12,30175,6.81,205.49
1124,373,2024-01-30,13223,6.67,88.2
1125,373,2024-02-24,46042,5.91,272.11
1126,373,2024-02-17,16243,10.59,172.01
1127,373,2024-02-27,23348,4.94,115.34
1128,374,2024-01-31,9059,5.91,53.54
1129,375,2024-01-29,29080,4.98,144.82
1130,375,2024-02-07,29856,6.54,195.26
1131,376,2024-01-30,42312,4.01,169.67
1132,376,2024-03-14,8135,7.37,59.95
1133,376,2024-01-10,37745,5.21,196.65
1134,377,2024-03-26,38964,9.29,361.98
1135,377,2024-01-02,32331,7.97,257.68
1136,377,2024-01-19,10109,6.86,69.35
1137,377,2024-01-23,31595,4.27,134.91
1138,378,2024-01-21,21661,9.62,208.38
1139,378,2024-02-20,28710,9.69,278.2
1140,379,2024-03-12,30564,8.88,271.41
1141,379,2024-03-14,36304,6.59,239.24
1142,380,2024-01-30,41058,7.69,315.74
1143,380,2024-02-04,32653,5.64,184.16
1144,380,2024-01-26,48710,5.11,248.91
1145,380,2024-01-18,5074,11.39,57.79
1146,381,2024-01-08,2817,8.93,25.16
1147,381,2024-03-06,30269,4.07,123.19
1148,381,2024-01-07,20148,10.64,214.37
1149,381,2024-02-07,13963,4.0,55.85
1150,382,2024-02-11,12292,8.84,108.66
1151,382,2024-03-09,24465,3.96,96.88
1152,382,2024-03-11,13588,3.74,50.82
1153,382,2024-01-19,16795,4.32,72.55
1154,383,2024-03-18,15472,8.64,133.68
1155,383,2024-03-10,1981,3.34,6.62
1156,383,2024-03-23,42653,11.95,509.7
1157,383,2024-01-13,36622,8.68,317.88
1158,383,2024-02-19,43000,11.06,475.58
1159,384,2024-03-19,31068,7.53,233.94
1160,384,2024-02-18,41427,8.87,367.46
1161,384,2024-01-09,43927,3.43,150.67
1162,384,2024-02-05,37472,10.1,378.47
1163,385,2024-03-29,49064,6.1,299.29
1164,385,2024-03-26,23149,5.04,116.67
1165,385,2024-01-27,8362,7.2,60.21
1166,385,2024-02-13,19527,8.13,158.75
1167,386,2024-01-24,30493,11.24,342.74
1168,386,2024-03-07,36794,9.18,337.77
1169,387,2024-01-04,44612,3.93,175.33
1170,387,2024-01-01,22351,7.46,166.74
1171,387,2024-02-27,44828,7.77,348.31
1172,388,2024-03-06,30529,11.1,338.87
1173,388,2024-01-21,13101,11.66,152.76
1174,388,2024-03-07,3447,3.32,11.44
1175,388,2024-01-29,38330,8.76,335.77
1176,388,2024-01-28,2184,8.25,18.02
1177,389,2024-03-22,9453,6.68,63.15
1178,389,2024-03-01,24329,5.3,128.94
1179,389,2024-01-05,33679,6.77,228.01
1180,389,2024-02-06,41202,2.98,122.78
1181,389,2024-01-14,18834,10.02,188.72
1182,390,2024-01-16,22709,8.85,200.97
1183,390,2024-01-03,33256,5.19,172.6
1184,390,2024-02-12,47826,8.37,400.3
1185,390,2024-02-10,11881,9.76,115.96
1186,390,2024-01-25,5644,5.26,29.69
1187,391,2024-01-01,38359,7.9,303.04
1188,391,2024-02-03,38815,9.11,353.6
1189,391,2024-03-24,37916,8.94,338.97
1190,391,2024-02-12,32342,3.29,106.41
1191,392,2024-02-21,20780,11.1,230.66
1192,392,2024-03-17,40984,7.85,321.72
1193,393,2024-02-05,14071,11.8,166.04
1194,394,2024-02-19,26175,11.31,296.04
1195,394,2024-02-03,49118,8.34,409.64
1196,394,2024-01-14,23659,8.03,189.98
1197,394,2024-01-24,16699,6.6,110.21
1198,395,2024-01-02,8213,11.77,96.67
1199,395,2024-02-09,46122,4.31,198.79
1200,395,2024-02-22,14167,3.12,44.2
1201,396,2024-02-24,48486,5.95,288.49
1202,397,2024-03-31,1562,5.69,8.89
1203,397,2024-01-28,18912,5.59,105.72
1204,397,2024-02-05,8888,3.5,31.11
1205,397,2024-03-20,13668,6.16,84.19
1206,398,2024-01-22,1842,5.19,9.56
1207,398,2024-02-04,11080,11.54,127.86
1208,398,2024-03-20,11722,8.62,101.04
1209,398,2024-01-04,44143,8.64,381.4
1210,398,2024-03-12,35344,10.56,373.23
1211,399,2024-02-09,28794,6.44,185.43
1212,400,2024-03-18,2793,4.74,13.24
1213,400,2024-01-04,24174,5.9,142.63
1214,401,2024-03-14,31081,3.8,118.11
1215,402,2024-03-06,47770,8.59,410.34
1216,402,2024-02-06,5254,7.34,38.56
1217,402,2024-03-03,38094,9.21,350.85
1218,402,2024-02-22,40375,4.81,194.2
1219,403,2024-01-07,39532,7.43,293.72
1220,403,2024-03-31,30798,3.67,113.03
1221,404,2024-03-28,37784,5.31,200.63
1222,405,2024-01-09,47901,9.76,467.51
1223,405,2024-01-10,31803,11.36,361.28
1224,405,2024-02-26,26720,3.83,102.34
1225,405,2024-01-17,23013,6.65,153.04
1226,406,2024-03-05,39310,11.09,435.95
1227,406,2024-01-28,22037,5.88,129.58
1228,406,2024-03-19,6488,7.95,51.58
1229,406,2024-03-26,21132,3.82,80.72
1230,407,2024-03-20,19777,4.33,85.63
1231,407,2024-02-09,7418,11.5,85.31
1232,407,2024-01-29,20103,8.15,163.84
1233,407,2024-01-04,16397,6.56,107.56
1234,407,2024-01-31,42708,11.22,479.18
1235,408,2024-03-20,36930,7.28,268.85
1236,409,2024-03-01,8767,4.77,41.82
1237,409,2024-03-03,19588,9.49,185.89
1238,410,2024-03-12,48563,5.93,287.98
1239,411,2024-02-18,24810,3.88,96.26
1240,412,2024-03-30,5721,7.12,40.73
1241,412,2024-02-25,46313,7.61,352.44
1242,412,2024-02-27,33351,7.24,241.46
1243,412,2024-02-03,45570,5.07,231.04
1244,413,2024-01-11,16839,4.24,71.4
1245,413,2024-03-12,49642,11.56,573.86
1246,413,2024-01-19,6221,7.06,43.92
1247,413,2024-01-02,31366,9.66,303.0
1248,414,2024-02-29,48307,7.58,366.17
1249,414,2024-03-26,35791,3.25,116.32
1250,415,2024-02-25,12111,10.68,129.35
1251,415,2024-02-09,8265,9.27,76.62
1252,415,2024-03-15,26433,7.0,185.03
1253,416,2024-01-14,5955,7.36,43.83
1254,416,2024-01-18,24696,6.6,162.99
1255,417,2024-01-23,16067,5.95,95.6
1256,417,2024-02-18,13641,4.87,66.43
1257,417,2024-02-08,42905,4.74,203.37
1258,417,2024-03-07,27165,11.43,310.5
1259,417,2024-01-20,6658,11.91,79.3
1260,418,2024-02-09,14034,9.05,127.01
1261,418,2024-01-07,46308,4.31,199.59
1262,418,2024-01-08,25685,10.73,275.6
1263,418,2024-03-12,31680,3.3,104.54
1264,418,2024-02-09,13073,9.95,130.08
1265,419,2024-03-18,47799,4.23,202.19
1266,419,2024-03-01,43261,7.63,330.08
1267,420,2024-03-09,21952,3.53,77.49
1268,420,2024-02-20,8898,8.87,78.93
1269,420,2024-01-07,13286,6.58,87.42
1270,421,2024-01-08,33839,9.04,305.9
1271,421,2024-03-16,16158,11.53,186.3
1272,421,2024-01-29,32832,2.92,95.87
1273,421,2024-02-07,7709,10.82,83.41
1274,422,2024-02-28,20959,5.39,112.97
1275,422,2024-02-19,20516,3.58,73.45
1276,422,2024-01-19,48069,10.64,511.45
1277,422,2024-01-26,2725,4.21,11.47
1278,422,2024-01-12,28941,9.69,280.44
1279,423,2024-03-11,45734,11.97,547.44
1280,423,2024-02-28,45971,11.11,510.74
1281,423,2024-03-21,11218,8.13,91.2
1282,423,2024-03-10,7781,8.63,67.15
1283,423,2024-02-25,41770,10.13,423.13
1284,424,2024-03-06,29665,7.26,215.37
1285,425,2024-01-11,49682,4.24,210.65
1286,426,2024-01-15,33981,8.24,280.0
1287,426,2024-01-15,29516,3.95,116.59
1288,426,2024-02-15,7027,4.13,29.02
1289,426,2024-02-14,2540,8.39,21.31
1290,426,2024-02-29,8894,8.23,73.2
1291,427,2024-03-08,9563,11.2,107.11
1292,427,2024-01-07,31976,5.74,183.54
1293,427,2024-02-13,30268,5.52,167.08
1294,428,2024-01-12,32743,11.27,369.01
1295,428,2024-03-01,31070,5.09,158.15
1296,428,2024-01-08,23097,9.95,229.82
1297,429,2024-02-26,35109,7.19,252.43
1298,429,2024-03-08,27513,10.74,295.49
1299,429,2024-03-07,24139,8.79,212.18
1300,429,2024-02-18,18777,9.8,184.01
1301,430,2024-03-04,4146,11.05,45.81
1302,430,2024-02-23,23572,2.64,62.23
1303,430,2024-03-22,44224,5.72,252.96
1304,430,2024-01-25,12501,3.66,45.75
1305,431,2024-01-24,29995,3.73,111.88
1306,431,2024-02-13,46195,5.31,245.3
1307,431,2024-03-02,29614,5.38,159.32
1308,431,2024-01-24,26496,9.34,247.47
1309,432,2024-01-08,26549,5.16,136.99
1310,433,2024-01-19,23297,9.97,232.27
1311,433,2024-01-15,31088,4.87,151.4
1312,434,2024-01-22,9779,6.36,62.19
1313,434,2024-01-10,34780,7.67,266.76
1314,434,2024-03-28,29782,10.11,301.1
1315,435,2024-03-31,24335,2.59,63.03
1316,436,2024-02-21,37021,4.21,155.86
1317,436,2024-01-17,10409,10.85,112.94
1318,436,2024-02-08,36460,3.43,125.06
1319,436,2024-01-06,30689,9.58,294.0
1320,436,2024-03-27,49962,9.71,485.13
1321,437,2024-01-11,34610,11.66,403.55
1322,437,2024-02-11,25999,7.74,201.23
1323,438,2024-03-11,9929,7.05,70.0
1324,438,2024-01-17,25417,4.79,121.75
1325,438,2024-02-05,3160,6.79,21.46
1326,438,2024-03-23,11980,2.82,33.78
1327,439,2024-01-23,22036,11.5,253.41
1328,439,2024-03-19,31462,2.91,91.55
1329,440,2024-02-14,23147,7.15,165.5
1330,440,2024-01-19,3800,8.28,31.46
1331,440,2024-01-01,13629,11.92,162.46
1332,440,2024-01-21,21439,9.79,209.89
1333,440,2024-02-19,32200,3.84,123.65
1334,441,2024-02-18,21541,8.14,175.34
1335,441,2024-01-27,39670,11.82,468.9
1336,441,2024-03-07,8709,3.99,34.75
1337,441,2024-03-06,9852,4.37,43.05
1338,442,2024-03-10,31660,3.71,117.46
1339,443,2024-03-26,44154,7.88,347.93
1340,444,2024-02-20,47794,8.37,400.04
1341,444,2024-03-02,4009,3.96,15.88
1342,445,2024-03-20,35866,5.51,197.62
1343,445,2024-03-06,35807,10.07,360.58
1344,445,2024-01-05,1387,7.06,9.79
1345,445,2024-03-31,36446,10.05,366.28
1346,445,2024-02-04,33068,7.62,251.98
1347,446,2024-01-03,20094,10.79,216.81
1348,446,2024-03-20,25627,3.35,85.85
1349,447,2024-02-22,19442,8.29,161.17
1350,448,2024-03-30,1589,7.38,11.73
1351,448,2024-01-20,29441,3.67,108.05
1352,448,2024-02-20,31129,5.72,178.06
1353,449,2024-02-03,46509,3.66,170.22
1354,449,2024-02-19,26236,3.23,84.74
1355,449,2024-02-10,24036,11.63,279.54
1356,450,2024-03-21,48187,3.95,190.34
1357,450,2024-02-03,29489,5.71,168.38
1358,451,2024-03-23,33560,11.51,386.28
1359,451,2024-02-18,38047,4.49,170.83
1360,451,2024-03-25,14813,2.86,42.37
1361,452,2024-02-05,19812,7.58,150.17
1362,452,2024-02-24,30203,3.7,111.75
1363,453,2024-02-08,41118,5.75,236.43
1364,453,2024-02-20,14217,7.89,112.17
1365,454,2024-01-24,38984,9.31,362.94
1366,454,2024-01-03,4579,7.56,34.62
1367,454,2024-01-21,24018,4.78,114.81
1368,454,2024-01-03,34373,3.29,113.09
1369,455,2024-03-08,26919,8.47,228.0
1370,455,2024-02-18,22223,3.81,84.67
1371,455,2024-03-21,3434,5.29,18.17
1372,455,2024-02-23,35154,6.01,211.28
1373,456,2024-03-06,16674,6.23,103.88
1374,456,2024-03-15,32948,10.88,358.47
1375,456,2024-02-19,33504,8.47,283.78
1376,457,2024-01-24,30803,3.33,102.57
1377,458,2024-01-25,21728,7.13,154.92
1378,459,2024-02-07,8699,7.41,64.46
1379,459,2024-03-09,35676,5.82,207.63
1380,459,2024-01-16,21444,4.0,85.78
1381,459,2024-01-17,47848,7.35,351.68
1382,460,2024-02-20,39048,4.23,165.17
1383,460,2024-02-01,43627,3.75,163.6
1384,460,2024-01-10,42389,10.48,444.24
1385,460,2024-01-01,38983,7.21,281.07
1386,460,2024-02-02,24296,8.83,214.53
1387,461,2024-03-23,49968,2.53,126.42
1388,461,2024-01-26,29055,5.21,151.38
1389,461,2024-03-28,34364,7.36,252.92
1390,461,2024-01-13,10965,9.59,105.15
1391,461,2024-03-31,1110,8.12,9.01
1392,462,2024-03-23,25569,6.77,173.1
1393,463,2024-01-08,43891,6.62,290.56
1394,463,2024-03-11,21013,5.69,119.56
1395,464,2024-01-10,41870,5.8,242.85
1396,464,2024-02-23,16036,10.42,167.1
1397,465,2024-02-26,20442,2.72,55.6
1398,465,2024-01-11,28509,7.48,213.25
1399,465,2024-03-14,30278,7.7,233.14
1400,465,2024-01-16,17784,4.65,82.7
1401,465,2024-02-13,27118,4.85,131.52
1402,466,2024-02-05,9036,4.91,44.37
1403,466,2024-03-25,10343,7.9,81.71
1404,467,2024-03-23,26494,4.25,112.6
1405,467,2024-02-13,10103,4.72,47.69
1406,467,2024-02-10,42017,10.89,457.57
1407,468,2024-02-22,45378,9.47,429.73
1408,468,2024-02-03,17047,4.34,73.98
1409,468,2024-03-14,37537,7.24,271.77
1410,469,2024-02-28,47861,9.56,457.55
1411,469,2024-03-01,46677,10.24,477.97
1412,470,2024-02-01,24816,8.67,215.15
1413,470,2024-03-14,14267,7.3,104.15
1414,470,2024-01-22,33470,6.21,207.85
1415,470,2024-02-07,44976,9.37,421.43
1416,470,2024-03-11,20250,11.5,232.88
1417,471,2024-01-08,47291,11.18,528.71
1418,471,2024-01-01,3532,9.81,34.65
1419,471,2024-02-12,21589,11.51,248.49
1420,471,2024-03-30,27275,4.37,119.19
1421,471,2024-01-06,29777,5.01,149.18
1422,472,2024-02-23,17792,7.6,135.22
1423,472,2024-01-07,30641,6.46,197.94
1424,473,2024-03-14,7042,3.26,22.96
1425,473,2024-01-26,21208,7.43,157.58
1426,473,2024-03-25,9741,11.49,111.92
1427,474,2024-02-20,25581,3.43,87.74
1428,474,2024-02-10,5824,6.36,37.04
1429,474,2024-01-31,10816,10.94,118.33
1430,475,2024-01-03,39739,8.21,326.26
1431,475,2024-01-17,27240,8.62,234.81
1432,475,2024-03-04,9838,10.35,101.82
1433,475,2024-01-26,11021,11.68,128.73
1434,475,2024-01-27,9348,2.81,26.27
1435,476,2024-01-01,40843,4.24,173.17
1436,477,2024-01-11,28170,4.92,138.6
1437,477,2024-01-09,7410,2.94,21.79
1438,477,2024-02-01,22910,9.95,227.95
1439,477,2024-01-30,37289,6.79,253.19
1440,477,2024-02-26,21886,2.98,65.22
1441,478,2024-01-15,43429,2.54,110.31
1442,478,2024-02-08,23693,5.23,123.91
1443,478,2024-03-19,26625,7.56,201.28
1444,479,2024-01-09,20398,9.15,186.64
1445,479,2024-03-12,9198,8.93,82.14
1446,479,2024-01-03,9936,4.81,47.79
1447,479,2024-03-24,46848,4.03,188.8
1448,480,2024-02-28,45123,6.81,307.29
1449,480,2024-01-22,30093,5.96,179.35
1450,480,2024-03-28,38345,10.4,398.79
1451,481,2024-01-12,46612,10.42,485.7
1452,481,2024-03-01,44727,3.77,168.62
1453,481,2024-02-18,12142,5.14,62.41
1454,481,2024-02-01,37593,3.2,120.3
1455,481,2024-03-17,22501,2.87,64.58
1456,482,2024-01-12,32673,7.88,257.46
1457,482,2024-02-21,7949,11.31,89.9
1458,482,2024-01-31,14614,11.33,165.58
1459,482,2024-01-27,25924,6.53,169.28
1460,482,2024-03-27,21199,8.91,188.88
1461,483,2024-01-04,20835,10.37,216.06
1462,483,2024-03-09,38547,2.59,99.84
1463,483,2024-01-01,15712,5.16,81.07
1464,484,2024-01-17,27693,6.2,171.7
1465,485,2024-02-18,30324,6.58,199.53
1466,485,2024-01-30,10222,9.68,98.95
1467,485,2024-02-23,31315,4.76,149.06
1468,486,2024-02-12,23223,7.18,166.74
1469,486,2024-01-22,30234,7.61,230.08
1470,487,2024-02-15,10503,8.26,86.75
1471,487,2024-03-07,19466,3.08,59.96
1472,487,2024-03-02,27662,8.01,221.57
1473,487,2024-03-27,21779,3.82,83.2
1474,488,2024-03-28,32996,3.56,117.47
1475,488,2024-02-02,49356,11.6,572.53
1476,488,2024-03-19,32177,4.07,130.96
1477,488,2024-02-17,21795,2.63,57.32
1478,489,2024-02-20,39234,7.05,276.6
1479,490,2024-01-16,41326,3.73,154.15
1480,490,2024-03-28,5060,8.11,41.04
1481,490,2024-03-27,36957,10.86,401.35
1482,491,2024-01-12,36998,6.85,253.44
1483,491,2024-01-03,1266,6.92,8.76
1484,491,2024-03-22,2257,5.46,12.32
1485,491,2024-02-24,46632,11.56,539.07
1486,492,2024-01-04,42682,7.29,311.15
1487,493,2024-02-01,43105,8.02,345.7
1488,493,2024-02-02,4642,11.74,54.5
1489,493,2024-02-02,5481,7.5,41.11
1490,493,2024-03-10,38261,5.17,197.81
1491,493,2024-01-16,29463,11.62,342.36
1492,494,2024-02-05,48743,11.31,551.28
1493,494,2024-03-07,9795,10.24,100.3
1494,494,2024-01-02,21639,10.91,236.08
1495,495,2024-02-01,48300,7.45,359.83
1496,495,2024-02-02,7334,8.79,64.47
1497,495,2024-02-22,13663,8.83,120.64
1498,495,2024-03-07,8631,6.47,55.84
1499,496,2024-02-24,6044,4.6,27.8
1500,496,2024-03-28,41903,7.22,302.54
1501,496,2024-01-08,2980,10.16,30.28
1502,496,2024-03-31,14743,6.62,97.6
1503,497,2024-02-01,30826,10.17,313.5
1504,497,2024-02-05,32658,4.65,151.86
1505,498,2024-02-18,9510,5.35,50.88
1506,498,2024-02-25,8442,6.24,52.68
1507,498,2024-01-30,36798,4.54,167.06
1508,499,2024-01-19,40024,3.64,145.69
1509,499,2024-03-18,44754,3.91,174.99
1510,499,2024-03-24,44928,4.55,204.42
1511,500,2024-01-08,8454,4.47,37.79
1512,500,2024-02-15,38029,9.1,346.06
1513,500,2024-02-14,2141,5.81,12.44
1514,500,2024-01-02,42757,8.43,360.44
