engagement_id,video_id,user_id,interaction_type
1,277,150,Comment
2,197,288,Like
3,227,545,Comment
4,361,370,Dislike
5,96,15,Like
6,286,904,Share
7,223,74,Like
8,15,93,Dislike
9,293,458,Share
10,71,910,Dislike
11,480,731,Dislike
12,430,211,Share
13,46,252,Dislike
14,89,454,Like
15,122,509,Dislike
16,28,745,Like
17,353,1000,Like
18,35,506,Comment
19,426,894,Comment
20,309,346,Like
21,368,899,Share
22,192,99,Share
23,254,472,Share
24,326,679,Share
25,344,253,Dislike
26,288,818,Comment
27,433,972,Comment
28,185,231,Share
29,435,493,Dislike
30,288,967,Dislike
31,21,223,Share
32,162,303,Comment
33,117,204,Dislike
34,67,413,Share
35,114,192,Comment
36,159,327,Comment
37,31,37,Comment
38,92,807,Comment
39,17,958,Comment
40,122,696,Like
41,376,470,Comment
42,212,584,Dislike
43,196,965,Like
44,458,8,Share
45,288,108,Dislike
46,135,929,Share
47,209,873,Comment
48,47,362,Dislike
49,468,147,Dislike
50,242,739,Comment
51,439,578,Comment
52,345,478,Comment
53,439,611,Share
54,357,827,Like
55,393,964,Comment
56,144,156,Dislike
57,194,650,Comment
58,344,549,Dislike
59,491,850,Dislike
60,188,790,Dislike
61,184,476,Like
62,60,224,Like
63,93,6,Dislike
64,46,831,Dislike
65,163,937,Like
66,45,789,Share
67,370,1,Dislike
68,105,541,Dislike
69,2,692,Comment
70,84,866,Like
71,45,795,Comment
72,118,443,Like
73,38,817,Like
74,302,243,Comment
75,13,979,Share
76,147,4,Dislike
77,340,845,Like
78,24,298,Comment
79,379,827,Comment
80,150,197,Like
81,20,117,Comment
82,131,97,Like
83,369,112,Like
84,372,572,Comment
85,493,626,Comment
86,66,579,Comment
87,105,710,Dislike
88,61,820,Like
89,239,232,Share
90,420,345,Comment
91,467,812,Comment
92,436,930,Like
93,497,971,Share
94,101,439,Dislike
95,67,98,Share
96,445,594,Share
97,389,782,Dislike
98,210,12,Like
99,484,180,Dislike
100,428,980,Share
101,208,95,Comment
102,115,865,Like
103,69,467,Share
104,72,745,Dislike
105,220,683,Dislike
106,458,529,Comment
107,291,220,Dislike
108,141,96,Comment
109,187,158,Comment
110,90,255,Dislike
111,136,388,Comment
112,236,210,Share
113,122,693,Like
114,176,262,Share
115,54,971,Share
116,165,430,Like
117,252,348,Share
118,240,966,Comment
119,101,223,Comment
120,323,665,Like
121,25,36,Dislike
122,321,507,Like
123,242,892,Share
124,404,317,Share
125,395,843,Like
126,423,600,Comment
127,256,628,Dislike
128,375,287,Dislike
129,258,862,Dislike
130,461,43,Like
131,389,874,Comment
132,291,538,Comment
133,328,560,Comment
134,270,813,Share
135,141,837,Dislike
136,145,683,Share
137,483,2,Dislike
138,333,408,Comment
139,147,647,Share
140,246,589,Comment
141,250,7,Share
142,85,277,Like
143,406,621,Share
144,308,734,Like
145,101,451,Share
146,407,556,Dislike
147,166,849,Comment
148,382,70,Share
149,68,307,Comment
150,437,998,Dislike
151,360,804,Like
152,369,245,Dislike
153,441,464,Comment
154,434,696,Comment
155,60,629,Share
156,126,461,Comment
157,137,486,Share
158,309,803,Comment
159,238,888,Dislike
160,491,581,Like
161,369,647,Like
162,98,106,Comment
163,76,834,Dislike
164,337,573,Share
165,357,597,Dislike
166,344,66,Dislike
167,1,83,Like
168,86,190,Dislike
169,239,522,Dislike
170,255,851,Like
171,358,664,Share
172,474,23,Share
173,148,79,Like
174,89,259,Share
175,258,367,Like
176,402,329,Comment
177,424,682,Like
178,322,282,Comment
179,306,832,Share
180,75,574,Dislike
181,94,1,Like
182,331,633,Dislike
183,79,473,Dislike
184,472,431,Like
185,157,885,Dislike
186,272,42,Like
187,63,739,Like
188,440,119,Dislike
189,396,35,Like
190,172,719,Share
191,375,596,Comment
192,413,15,Dislike
193,61,968,Comment
194,337,342,Share
195,127,440,Share
196,391,119,Share
197,290,880,Like
198,345,96,Dislike
199,193,556,Share
200,277,223,Comment
201,351,665,Like
202,452,672,Comment
203,446,996,Comment
204,395,225,Comment
205,442,731,Like
206,265,351,Dislike
207,457,42,Comment
208,223,858,Comment
209,258,945,Like
210,446,422,Comment
211,83,391,Like
212,374,608,Like
213,133,217,Like
214,332,938,Dislike
215,448,831,Share
216,267,195,Comment
217,394,709,Like
218,78,353,Share
219,146,726,Share
220,249,887,Dislike
221,390,631,Dislike
222,217,242,Share
223,248,481,Dislike
224,82,231,Share
225,352,780,Comment
226,398,789,Dislike
227,498,97,Comment
228,206,221,Share
229,195,756,Dislike
230,311,588,Like
231,305,491,Dislike
232,290,380,Like
233,249,719,Comment
234,215,243,Like
235,312,376,Like
236,21,611,Share
237,188,170,Dislike
238,188,771,Comment
239,86,391,Comment
240,59,541,Share
241,264,655,Dislike
242,43,433,Share
243,492,811,Dislike
244,93,376,Comment
245,466,973,Like
246,96,692,Comment
247,436,587,Dislike
248,387,515,Dislike
249,477,544,Like
250,3,654,Dislike
251,421,494,Share
252,320,972,Dislike
253,258,671,Comment
254,406,818,Dislike
255,265,281,Dislike
256,203,745,Share
257,124,468,Dislike
258,303,436,Share
259,325,703,Comment
260,244,569,Share
261,284,138,Comment
262,311,961,Like
263,377,78,Like
264,433,734,Like
265,45,976,Like
266,55,154,Comment
267,373,156,Share
268,449,34,Share
269,427,14,Comment
270,356,514,Dislike
271,443,164,Dislike
272,389,868,Comment
273,445,602,Share
274,440,245,Comment
275,421,279,Like
276,386,654,Share
277,67,463,Share
278,393,769,Dislike
279,232,177,Share
280,242,858,Like
281,427,721,Share
282,24,633,Comment
283,382,668,Like
284,180,656,Like
285,359,663,Dislike
286,109,945,Comment
287,285,579,Like
288,146,690,Like
289,452,957,Comment
290,381,530,Share
291,126,822,Comment
292,172,650,Comment
293,387,273,Comment
294,374,566,Share
295,57,894,Dislike
296,364,555,Dislike
297,266,676,Like
298,317,275,Comment
299,126,438,Like
300,353,916,Comment
301,183,772,Dislike
302,97,961,Share
303,269,389,Share
304,497,297,Comment
305,190,519,Share
306,255,29,Like
307,203,713,Share
308,167,928,Share
309,493,982,Dislike
310,199,777,Like
311,192,908,Share
312,451,854,Dislike
313,327,520,Like
314,74,201,Dislike
315,250,905,Dislike
316,142,937,Like
317,233,692,Share
318,31,686,Share
319,208,20,Like
320,353,149,Share
321,227,676,Comment
322,31,443,Dislike
323,79,559,Share
324,69,905,Like
325,32,77,Comment
326,39,209,Like
327,352,241,Share
328,378,830,Like
329,20,630,Comment
330,277,982,Dislike
331,112,857,Dislike
332,5,416,Comment
333,451,3,Share
334,190,1,Share
335,161,139,Dislike
336,171,463,Comment
337,173,268,Dislike
338,188,639,Share
339,84,213,Share
340,216,901,Like
341,141,183,Like
342,139,198,Dislike
343,159,502,Comment
344,31,157,Like
345,359,240,Comment
346,55,209,Share
347,407,91,Share
348,191,308,Dislike
349,104,465,Dislike
350,476,81,Share
351,126,555,Share
352,231,414,Like
353,204,538,Share
354,330,39,Share
355,405,368,Like
356,454,352,Comment
357,141,820,Share
358,60,2,Like
359,61,723,Share
360,50,56,Share
361,159,797,Like
362,388,771,Comment
363,358,313,Like
364,51,995,Like
365,166,688,Like
366,62,697,Dislike
367,94,701,Comment
368,152,841,Dislike
369,193,551,Dislike
370,403,178,Share
371,248,894,Like
372,302,209,Like
373,423,101,Dislike
374,278,347,Dislike
375,169,510,Dislike
376,72,749,Share
377,486,482,Comment
378,343,846,Comment
379,197,659,Comment
380,113,207,Share
381,275,191,Dislike
382,131,531,Comment
383,257,137,Dislike
384,281,813,Like
385,80,590,Dislike
386,193,423,Like
387,17,804,Like
388,285,86,Like
389,140,223,Comment
390,16,607,Dislike
391,349,341,Dislike
392,27,641,Like
393,299,272,Comment
394,146,953,Share
395,396,493,Like
396,363,570,Dislike
397,279,729,Like
398,256,459,Like
399,294,598,Dislike
400,135,76,Like
401,381,278,Comment
402,324,74,Comment
403,32,569,Dislike
404,312,917,Dislike
405,477,529,Like
406,480,379,Comment
407,40,808,Like
408,217,865,Like
409,264,873,Share
410,278,200,Comment
411,374,657,Dislike
412,424,994,Like
413,146,917,Dislike
414,464,515,Share
415,423,574,Dislike
416,344,748,Like
417,223,499,Dislike
418,209,898,Comment
419,426,530,Like
420,168,281,Share
421,155,648,Share
422,380,517,Comment
423,319,668,Share
424,154,734,Dislike
425,423,22,Dislike
426,391,927,Comment
427,43,558,Comment
428,141,518,Comment
429,135,665,Comment
430,191,74,Like
431,174,619,Share
432,195,637,Like
433,443,341,Comment
434,337,714,Dislike
435,310,286,Like
436,178,970,Share
437,76,316,Comment
438,439,906,Share
439,262,831,Share
440,78,832,Like
441,320,230,Share
442,113,518,Share
443,265,583,Like
444,426,227,Share
445,331,270,Share
446,391,349,Share
447,140,202,Share
448,451,738,Comment
449,95,789,Dislike
450,382,400,Comment
451,278,955,Like
452,379,881,Dislike
453,64,748,Share
454,445,257,Comment
455,125,484,Share
456,302,811,Comment
457,467,445,Comment
458,450,723,Dislike
459,371,16,Like
460,429,466,Share
461,181,861,Comment
462,357,132,Dislike
463,440,893,Comment
464,428,50,Share
465,382,643,Comment
466,190,461,Comment
467,317,895,Dislike
468,153,623,Share
469,90,903,Like
470,56,917,Comment
471,271,411,Dislike
472,270,169,Dislike
473,281,697,Comment
474,464,922,Like
475,73,51,Like
476,121,610,Dislike
477,487,542,Like
478,420,140,Comment
479,366,235,Share
480,197,402,Like
481,472,995,Dislike
482,312,587,Comment
483,14,543,Like
484,311,937,Comment
485,282,43,Share
486,464,764,Dislike
487,448,273,Dislike
488,34,831,Dislike
489,174,492,Like
490,375,635,Share
491,24,883,Comment
492,482,734,Comment
493,7,161,Like
494,468,18,Share
495,453,626,Share
496,140,524,Comment
497,419,865,Share
498,63,201,Like
499,368,497,Share
500,259,450,Like
501,362,818,Like
502,180,369,Dislike
503,342,157,Comment
504,75,702,Comment
505,138,223,Dislike
506,431,274,Comment
507,243,50,Share
508,185,75,Like
509,390,365,Share
510,266,48,Like
511,253,778,Dislike
512,326,54,Comment
513,95,526,Comment
514,243,571,Dislike
515,431,315,Like
516,16,15,Share
517,142,957,Like
518,444,325,Dislike
519,215,744,Share
520,192,320,Dislike
521,188,813,Share
522,58,814,Dislike
523,177,583,Dislike
524,457,639,Comment
525,477,575,Comment
526,271,951,Dislike
527,500,554,Dislike
528,2,651,Like
529,453,25,Comment
530,286,817,Dislike
531,284,942,Dislike
532,9,890,Share
533,365,679,Comment
534,36,523,Dislike
535,364,658,Share
536,318,693,Share
537,88,802,Share
538,374,250,Share
539,349,866,Like
540,416,333,Like
541,210,418,Like
542,337,717,Dislike
543,204,32,Like
544,343,604,Share
545,431,884,Dislike
546,321,940,Like
547,192,703,Share
548,101,302,Like
549,385,610,Dislike
550,30,149,Dislike
551,113,838,Comment
552,222,612,Comment
553,439,578,Like
554,156,703,Comment
555,66,374,Share
556,344,647,Share
557,9,289,Share
558,11,143,Like
559,120,771,Comment
560,254,596,Share
561,57,343,Like
562,479,422,Comment
563,85,82,Comment
564,282,525,Dislike
565,347,829,Share
566,254,984,Like
567,498,428,Share
568,60,863,Comment
569,25,353,Share
570,466,818,Dislike
571,397,735,Share
572,230,809,Share
573,334,478,Comment
574,375,197,Dislike
575,47,414,Share
576,364,134,Share
577,92,334,Dislike
578,71,401,Comment
579,114,745,Share
580,377,37,Like
581,373,669,Comment
582,237,844,Comment
583,236,437,Like
584,9,23,Like
585,414,18,Share
586,345,424,Share
587,148,343,Like
588,327,665,Dislike
589,311,876,Share
590,335,377,Share
591,285,604,Like
592,23,525,Like
593,192,207,Share
594,380,871,Like
595,496,772,Comment
596,369,949,Dislike
597,434,805,Like
598,64,315,Dislike
599,479,116,Share
600,479,869,Like
601,250,548,Share
602,389,805,Like
603,401,698,Like
604,30,842,Like
605,13,420,Share
606,47,419,Dislike
607,145,101,Share
608,319,481,Like
609,244,478,Comment
610,488,170,Dislike
611,207,492,Dislike
612,60,577,Share
613,208,307,Dislike
614,270,650,Share
615,61,974,Comment
616,471,11,Comment
617,496,787,Comment
618,385,947,Share
619,352,436,Like
620,163,547,Like
621,316,159,Share
622,402,637,Comment
623,291,45,Share
624,232,138,Dislike
625,321,665,Dislike
626,306,941,Like
627,91,593,Dislike
628,167,475,Comment
629,314,623,Share
630,122,842,Share
631,462,45,Like
632,66,186,Comment
633,465,956,Comment
634,455,486,Comment
635,392,230,Dislike
636,344,792,Share
637,97,74,Share
638,318,615,Comment
639,376,801,Dislike
640,383,655,Comment
641,489,647,Dislike
642,60,424,Share
643,164,635,Comment
644,114,625,Dislike
645,423,856,Like
646,238,160,Dislike
647,462,728,Comment
648,176,98,Comment
649,317,812,Like
650,99,776,Share
651,429,734,Dislike
652,234,357,Comment
653,49,791,Dislike
654,486,687,Share
655,146,92,Dislike
656,325,173,Dislike
657,301,772,Like
658,287,436,Dislike
659,429,376,Comment
660,377,63,Dislike
661,397,635,Like
662,5,727,Like
663,447,685,Comment
664,406,371,Comment
665,3,737,Like
666,272,560,Like
667,498,883,Comment
668,372,93,Like
669,340,28,Dislike
670,56,509,Comment
671,80,247,Share
672,296,111,Dislike
673,286,130,Comment
674,31,437,Share
675,395,28,Comment
676,209,590,Dislike
677,453,379,Comment
678,253,704,Comment
679,159,511,Dislike
680,207,782,Dislike
681,120,16,Comment
682,222,344,Share
683,12,720,Comment
684,326,912,Dislike
685,402,896,Share
686,144,850,Like
687,436,903,Share
688,304,475,Dislike
689,70,194,Like
690,116,793,Dislike
691,233,797,Comment
692,485,823,Dislike
693,255,59,Share
694,77,237,Comment
695,144,10,Comment
696,69,62,Comment
697,109,143,Dislike
698,417,972,Dislike
699,432,16,Like
700,295,8,Like
701,148,565,Like
702,492,549,Share
703,34,337,Dislike
704,126,652,Comment
705,487,961,Comment
706,142,105,Comment
707,161,582,Like
708,94,535,Share
709,321,599,Dislike
710,224,255,Share
711,346,394,Comment
712,194,439,Comment
713,375,157,Comment
714,109,114,Comment
715,174,557,Share
716,131,98,Like
717,300,197,Share
718,272,160,Share
719,426,724,Share
720,190,472,Like
721,365,92,Comment
722,154,297,Like
723,136,775,Share
724,214,791,Dislike
725,68,139,Comment
726,147,969,Share
727,383,637,Share
728,170,762,Comment
729,475,87,Comment
730,243,736,Like
731,195,393,Comment
732,180,871,Like
733,423,497,Dislike
734,237,669,Comment
735,124,864,Like
736,312,374,Share
737,336,237,Share
738,344,703,Share
739,307,711,Like
740,445,955,Comment
741,454,333,Comment
742,141,104,Comment
743,122,985,Dislike
744,257,68,Like
745,222,160,Like
746,87,404,Like
747,331,449,Like
748,480,450,Comment
749,491,7,Dislike
750,393,222,Share
751,1,810,Share
752,487,19,Dislike
753,195,799,Like
754,52,136,Comment
755,460,337,Like
756,466,481,Dislike
757,272,140,Like
758,247,370,Comment
759,72,209,Like
760,247,548,Dislike
761,284,247,Dislike
762,42,793,Share
763,346,976,Comment
764,303,7,Like
765,75,402,Comment
766,252,776,Share
767,338,835,Dislike
768,483,151,Comment
769,421,831,Like
770,42,274,Share
771,310,72,Share
772,148,230,Dislike
773,318,467,Share
774,432,342,Dislike
775,82,979,Dislike
776,331,796,Share
777,141,485,Share
778,243,398,Comment
779,116,389,Share
780,134,117,Dislike
781,373,284,Share
782,55,564,Dislike
783,234,180,Like
784,79,221,Like
785,476,781,Like
786,430,135,Comment
787,456,383,Dislike
788,104,306,Comment
789,15,58,Share
790,102,678,Like
791,143,964,Dislike
792,240,149,Share
793,256,646,Comment
794,297,306,Share
795,221,142,Dislike
796,199,964,Share
797,260,879,Share
798,219,402,Comment
799,489,812,Comment
800,3,957,Dislike
801,275,412,Dislike
802,447,426,Like
803,500,691,Dislike
804,446,582,Share
805,171,908,Dislike
806,269,938,Share
807,456,970,Dislike
808,83,668,Comment
809,482,661,Like
810,322,143,Comment
811,220,767,Like
812,235,686,Dislike
813,378,65,Share
814,71,335,Like
815,376,189,Share
816,31,539,Comment
817,323,214,Like
818,16,443,Comment
819,353,136,Comment
820,46,95,Dislike
821,495,900,Dislike
822,370,222,Share
823,220,978,Like
824,208,862,Comment
825,363,244,Share
826,315,38,Comment
827,284,695,Share
828,470,752,Share
829,40,372,Comment
830,411,405,Like
831,147,887,Comment
832,102,126,Like
833,107,694,Like
834,340,88,Share
835,311,328,Dislike
836,347,211,Comment
837,100,825,Dislike
838,487,567,Like
839,87,593,Like
840,471,773,Share
841,302,897,Like
842,16,612,Like
843,276,771,Share
844,484,494,Dislike
845,280,23,Like
846,35,884,Share
847,425,383,Dislike
848,220,672,Like
849,168,943,Like
850,292,263,Like
851,27,118,Dislike
852,269,652,Comment
853,421,649,Like
854,472,739,Dislike
855,418,68,Share
856,111,552,Comment
857,315,368,Like
858,475,756,Dislike
859,82,327,Comment
860,187,601,Share
861,491,317,Comment
862,236,585,Dislike
863,474,174,Share
864,394,112,Comment
865,179,405,Comment
866,112,19,Dislike
867,197,917,Share
868,482,641,Dislike
869,30,548,Dislike
870,346,642,Like
871,154,753,Like
872,473,467,Share
873,190,681,Dislike
874,325,433,Like
875,409,712,Comment
876,214,97,Comment
877,413,992,Share
878,10,536,Dislike
879,385,489,Share
880,413,872,Share
881,130,365,Comment
882,202,299,Share
883,75,720,Like
884,246,550,Dislike
885,304,393,Dislike
886,169,666,Dislike
887,186,954,Dislike
888,97,543,Like
889,31,256,Comment
890,189,106,Like
891,151,496,Comment
892,28,555,Like
893,128,239,Share
894,429,986,Comment
895,153,633,Like
896,464,878,Comment
897,261,616,Share
898,423,617,Like
899,499,698,Comment
900,330,385,Like
901,431,617,Dislike
902,47,266,Share
903,220,154,Comment
904,249,142,Dislike
905,246,22,Like
906,16,907,Share
907,17,721,Share
908,434,470,Comment
909,390,311,Like
910,26,432,Dislike
911,156,145,Share
912,173,625,Share
913,490,887,Dislike
914,396,570,Comment
915,173,163,Comment
916,262,994,Dislike
917,358,714,Dislike
918,372,546,Share
919,197,192,Dislike
920,8,399,Dislike
921,67,642,Share
922,374,486,Comment
923,37,797,Share
924,128,873,Comment
925,326,644,Like
926,122,722,Dislike
927,100,132,Dislike
928,106,821,Like
929,205,892,Comment
930,152,460,Dislike
931,358,515,Like
932,256,575,Dislike
933,224,879,Dislike
934,255,298,Comment
935,172,114,Comment
936,183,629,Like
937,26,646,Share
938,121,243,Comment
939,461,710,Like
940,151,735,Share
941,2,327,Dislike
942,353,873,Dislike
943,414,126,Comment
944,188,40,Comment
945,109,221,Comment
946,202,480,Comment
947,451,385,Comment
948,452,346,Share
949,431,227,Share
950,435,450,Like
951,488,567,Like
952,330,774,Comment
953,52,683,Comment
954,342,860,Dislike
955,456,734,Like
956,198,34,Share
957,368,215,Share
958,496,156,Comment
959,367,486,Like
960,469,112,Share
961,207,854,Share
962,405,392,Comment
963,40,885,Like
964,418,131,Dislike
965,40,553,Like
966,332,438,Share
967,302,671,Comment
968,17,429,Comment
969,215,692,Like
970,358,73,Share
971,257,885,Share
972,332,599,Dislike
973,200,813,Dislike
974,195,496,Dislike
975,110,734,Dislike
976,46,531,Like
977,383,520,Dislike
978,279,930,Share
979,367,825,Like
980,453,843,Like
981,103,597,Share
982,421,380,Like
983,21,825,Share
984,388,698,Dislike
985,63,306,Dislike
986,461,984,Dislike
987,416,393,Like
988,265,638,Share
989,125,354,Dislike
990,75,334,Dislike
991,180,289,Dislike
992,176,174,Like
993,304,743,Like
994,231,627,Share
995,1,550,Comment
996,363,180,Comment
997,317,119,Dislike
998,396,341,Like
999,165,491,Dislike
1000,103,472,Like
1001,86,86,Comment
1002,368,507,Comment
1003,452,745,Comment
1004,78,605,Comment
1005,382,927,Share
1006,147,425,Share
1007,284,639,Like
1008,48,708,Comment
1009,32,218,Comment
1010,265,345,Like
1011,140,841,Dislike
1012,355,427,Comment
1013,24,46,Like
1014,360,138,Comment
1015,27,166,Share
1016,95,601,Share
1017,162,800,Share
1018,223,645,Share
1019,463,464,Comment
1020,397,164,Like
1021,434,604,Like
1022,191,982,Dislike
1023,364,596,Like
1024,311,372,Share
1025,369,285,Like
1026,223,294,Dislike
1027,43,632,Dislike
1028,216,643,Share
1029,215,733,Comment
1030,34,523,Dislike
1031,169,358,Like
1032,341,360,Dislike
1033,246,145,Like
1034,401,188,Dislike
1035,294,772,Dislike
1036,364,956,Share
1037,57,698,Like
1038,42,436,Like
1039,477,269,Like
1040,404,413,Dislike
1041,15,433,Like
1042,82,726,Comment
1043,93,942,Dislike
1044,356,993,Share
1045,170,772,Like
1046,434,291,Share
1047,231,720,Like
1048,373,809,Share
1049,490,37,Dislike
1050,101,212,Comment
1051,481,695,Like
1052,356,141,Like
1053,366,989,Dislike
1054,271,541,Dislike
1055,190,597,Comment
1056,208,850,Dislike
1057,176,267,Like
1058,73,997,Like
1059,283,441,Comment
1060,284,704,Dislike
1061,367,68,Dislike
1062,276,328,Comment
1063,317,315,Comment
1064,174,174,Comment
1065,362,5,Like
1066,165,960,Like
1067,402,535,Like
1068,144,798,Share
1069,297,790,Comment
1070,391,208,Comment
1071,322,202,Comment
1072,493,11,Like
1073,409,593,Like
1074,153,50,Comment
1075,65,771,Dislike
1076,249,985,Comment
1077,81,193,Comment
1078,478,585,Comment
1079,233,769,Share
1080,328,47,Comment
1081,265,526,Comment
1082,497,25,Share
1083,453,432,Comment
1084,114,148,Like
1085,372,690,Share
1086,263,151,Comment
1087,449,661,Dislike
1088,477,906,Like
1089,197,329,Like
1090,29,847,Dislike
1091,189,889,Like
1092,288,27,Share
1093,195,359,Share
1094,317,569,Like
1095,66,175,Comment
1096,381,99,Share
1097,400,156,Comment
1098,34,733,Dislike
1099,303,891,Comment
1100,496,16,Comment
1101,493,242,Like
1102,268,104,Like
1103,337,111,Like
1104,94,89,Dislike
1105,33,216,Share
1106,94,822,Share
1107,129,124,Dislike
1108,342,779,Dislike
1109,138,890,Share
1110,251,858,Share
1111,110,301,Comment
1112,58,200,Like
1113,127,46,Comment
1114,496,705,Share
1115,30,549,Like
1116,51,831,Like
1117,486,901,Share
1118,121,21,Dislike
1119,444,709,Dislike
1120,335,828,Like
1121,141,831,Share
1122,76,917,Like
1123,496,83,Share
1124,142,744,Like
1125,251,971,Like
1126,339,944,Comment
1127,474,443,Dislike
1128,30,495,Like
1129,83,790,Share
1130,143,559,Comment
1131,154,594,Dislike
1132,454,772,Dislike
1133,311,170,Dislike
1134,420,562,Like
1135,432,877,Dislike
1136,101,721,Share
1137,499,251,Comment
1138,433,693,Share
1139,239,783,Like
1140,141,92,Like
1141,226,540,Comment
1142,217,121,Dislike
1143,156,24,Dislike
1144,286,878,Dislike
1145,159,370,Comment
1146,368,719,Dislike
1147,25,720,Dislike
1148,229,150,Share
1149,244,596,Like
1150,76,3,Dislike
1151,367,567,Like
1152,224,736,Comment
1153,112,773,Like
1154,206,714,Like
1155,493,691,Comment
1156,144,314,Share
1157,90,938,Share
1158,22,77,Share
1159,452,74,Dislike
1160,479,341,Share
1161,174,388,Like
1162,222,825,Comment
1163,322,329,Comment
1164,226,964,Share
1165,482,335,Like
1166,423,599,Share
1167,234,695,Share
1168,83,898,Comment
1169,477,624,Dislike
1170,127,950,Dislike
1171,473,228,Share
1172,366,317,Like
1173,17,603,Dislike
1174,28,154,Like
1175,302,769,Dislike
1176,327,993,Dislike
1177,42,848,Comment
1178,62,415,Comment
1179,485,703,Dislike
1180,158,370,Comment
1181,440,403,Share
1182,471,408,Like
1183,50,33,Dislike
1184,201,118,Share
1185,88,854,Dislike
1186,3,176,Dislike
1187,136,937,Share
1188,146,738,Dislike
1189,445,303,Comment
1190,320,821,Like
1191,6,174,Share
1192,210,695,Comment
1193,224,705,Like
1194,323,177,Comment
1195,415,514,Dislike
1196,143,853,Comment
1197,369,858,Dislike
1198,280,987,Comment
1199,195,838,Dislike
1200,108,286,Dislike
1201,60,420,Like
1202,182,446,Dislike
1203,54,402,Comment
1204,121,181,Like
1205,131,746,Dislike
1206,125,45,Dislike
1207,5,828,Comment
1208,312,386,Like
1209,87,906,Share
1210,162,796,Dislike
1211,119,614,Share
1212,42,312,Dislike
1213,221,41,Share
1214,279,286,Like
1215,241,543,Like
1216,13,111,Comment
1217,336,918,Like
1218,238,904,Share
1219,488,146,Comment
1220,184,666,Like
1221,467,473,Share
1222,192,642,Share
1223,453,239,Comment
1224,287,277,Share
1225,335,713,Share
1226,211,936,Like
1227,197,528,Dislike
1228,107,858,Share
1229,216,911,Dislike
1230,88,663,Comment
1231,211,856,Like
1232,465,382,Dislike
1233,97,391,Like
1234,115,870,Dislike
1235,209,262,Comment
1236,326,722,Like
1237,279,574,Like
1238,362,623,Like
1239,197,492,Comment
1240,304,767,Dislike
1241,218,124,Dislike
1242,450,211,Like
1243,303,47,Dislike
1244,158,714,Like
1245,351,659,Comment
1246,143,72,Comment
1247,52,45,Dislike
1248,257,676,Dislike
1249,176,93,Share
1250,398,370,Like
1251,96,339,Dislike
1252,229,423,Dislike
1253,433,332,Comment
1254,314,722,Comment
1255,462,512,Share
1256,45,823,Comment
1257,340,944,Dislike
1258,473,794,Like
1259,95,723,Comment
1260,15,216,Share
1261,404,314,Like
1262,170,366,Like
1263,181,635,Dislike
1264,228,344,Comment
1265,73,135,Like
1266,456,844,Share
1267,439,258,Share
1268,426,705,Dislike
1269,411,191,Share
1270,428,80,Like
1271,473,169,Comment
1272,475,179,Like
1273,479,734,Share
1274,250,329,Comment
1275,89,250,Share
1276,276,887,Dislike
1277,308,61,Share
1278,322,549,Share
1279,466,127,Comment
1280,126,778,Share
1281,233,86,Dislike
1282,271,940,Share
1283,64,465,Share
1284,160,403,Like
1285,274,923,Share
1286,244,598,Share
1287,302,897,Like
1288,423,227,Comment
1289,194,685,Dislike
1290,175,689,Like
1291,265,153,Like
1292,309,15,Share
1293,11,526,Comment
1294,259,895,Dislike
1295,315,256,Like
1296,472,647,Share
1297,65,42,Like
1298,178,456,Dislike
1299,180,474,Like
1300,478,190,Comment
1301,184,161,Dislike
1302,68,758,Share
1303,44,111,Like
1304,228,377,Share
1305,173,293,Comment
1306,6,655,Comment
1307,151,205,Dislike
1308,104,574,Like
1309,36,30,Like
1310,242,602,Dislike
1311,357,327,Like
1312,460,737,Comment
1313,479,391,Comment
1314,38,809,Comment
1315,242,385,Comment
1316,233,573,Comment
1317,492,284,Share
1318,149,772,Comment
1319,470,872,Share
1320,141,299,Like
1321,477,806,Share
1322,238,699,Comment
1323,395,54,Dislike
1324,194,608,Dislike
1325,259,534,Comment
1326,376,71,Like
1327,6,578,Like
1328,473,396,Dislike
1329,231,255,Comment
1330,417,859,Dislike
1331,314,413,Like
1332,48,993,Share
1333,385,766,Share
1334,79,838,Comment
1335,278,40,Comment
1336,170,930,Share
1337,387,24,Comment
1338,140,142,Share
1339,51,392,Like
1340,209,553,Comment
1341,130,863,Like
1342,292,576,Share
1343,447,106,Dislike
1344,251,637,Like
1345,47,619,Share
1346,441,983,Share
1347,373,999,Like
1348,82,562,Dislike
1349,392,994,Dislike
1350,359,412,Like
1351,243,460,Like
1352,324,493,Dislike
1353,34,179,Like
1354,146,676,Like
1355,327,640,Share
1356,281,275,Comment
1357,298,669,Like
1358,180,590,Share
1359,462,436,Dislike
1360,106,761,Like
1361,258,221,Dislike
1362,328,587,Share
1363,94,178,Dislike
1364,221,550,Like
1365,250,938,Dislike
1366,376,173,Like
1367,415,514,Like
1368,351,105,Like
1369,285,379,Comment
1370,9,873,Like
1371,146,343,Comment
1372,460,113,Like
1373,14,245,Share
1374,360,697,Dislike
1375,144,321,Comment
1376,83,972,Like
1377,187,968,Dislike
1378,185,707,Like
1379,308,595,Comment
1380,471,26,Comment
1381,178,946,Like
1382,416,195,Like
1383,28,286,Like
1384,234,514,Dislike
1385,335,645,Like
1386,328,960,Comment
1387,359,824,Dislike
1388,97,133,Dislike
1389,368,783,Dislike
1390,490,78,Comment
1391,285,731,Like
1392,261,212,Share
1393,400,282,Comment
1394,62,178,Share
1395,179,192,Like
1396,169,524,Share
1397,489,42,Share
1398,57,391,Comment
1399,95,219,Dislike
1400,1,557,Like
1401,89,992,Like
1402,341,4,Comment
1403,183,509,Like
1404,64,2,Like
1405,126,560,Share
1406,136,301,Like
1407,114,95,Like
1408,474,558,Dislike
1409,139,192,Dislike
1410,291,861,Share
1411,37,737,Share
1412,120,574,Share
1413,331,480,Dislike
1414,175,610,Comment
1415,111,824,Dislike
1416,218,219,Comment
1417,77,306,Like
1418,233,401,Share
1419,167,659,Like
1420,177,310,Comment
1421,264,809,Dislike
1422,110,798,Share
1423,225,351,Comment
1424,154,718,Share
1425,460,97,Dislike
1426,43,926,Share
1427,13,946,Dislike
1428,1,795,Share
1429,58,326,Share
1430,327,279,Dislike
1431,220,404,Dislike
1432,382,920,Like
1433,374,433,Share
1434,178,688,Dislike
1435,301,285,Like
1436,117,539,Comment
1437,257,699,Share
1438,17,251,Share
1439,368,90,Like
1440,403,620,Dislike
1441,4,950,Dislike
1442,340,711,Dislike
1443,423,173,Like
1444,109,880,Comment
1445,11,4,Like
1446,484,293,Comment
1447,323,925,Share
1448,65,578,Share
1449,385,366,Dislike
1450,103,718,Share
1451,27,279,Comment
1452,420,286,Like
1453,275,436,Share
1454,410,243,Share
1455,199,945,Dislike
1456,499,296,Dislike
1457,24,697,Dislike
1458,132,419,Dislike
1459,356,867,Share
1460,155,428,Share
1461,170,630,Like
1462,379,100,Share
1463,363,775,Dislike
1464,91,661,Comment
1465,22,183,Like
1466,27,605,Like
1467,470,585,Like
1468,361,268,Comment
1469,396,519,Dislike
1470,9,959,Dislike
1471,237,577,Dislike
1472,449,344,Comment
1473,495,903,Share
1474,449,96,Like
1475,116,405,Comment
1476,213,621,Dislike
1477,89,540,Comment
1478,271,609,Dislike
1479,499,153,Share
1480,455,621,Comment
1481,487,82,Like
1482,3,779,Dislike
1483,232,100,Share
1484,373,709,Comment
1485,251,20,Comment
1486,227,594,Dislike
1487,208,656,Share
1488,168,552,Comment
1489,282,79,Dislike
1490,148,825,Comment
1491,246,8,Share
1492,247,909,Comment
1493,482,813,Dislike
1494,268,955,Share
1495,182,552,Comment
1496,220,523,Like
1497,292,262,Share
1498,462,560,Share
1499,344,342,Like
1500,160,359,Comment
1501,370,991,Share
1502,360,790,Comment
1503,496,946,Share
1504,382,402,Comment
1505,9,954,Like
1506,42,883,Like
1507,117,3,Dislike
1508,483,992,Comment
1509,391,3,Like
1510,264,950,Dislike
1511,262,104,Share
1512,299,218,Like
1513,110,119,Like
1514,465,107,Comment
1515,139,339,Share
1516,401,200,Comment
1517,278,48,Comment
1518,121,127,Like
1519,251,192,Comment
1520,157,722,Like
1521,37,833,Share
1522,451,547,Comment
1523,265,852,Dislike
1524,323,82,Dislike
1525,497,35,Share
1526,438,694,Comment
1527,236,690,Like
1528,182,323,Dislike
1529,389,119,Like
1530,233,688,Share
1531,448,312,Share
1532,413,881,Comment
1533,319,739,Share
1534,174,631,Dislike
1535,291,95,Like
1536,265,15,Like
1537,194,677,Comment
1538,466,819,Dislike
1539,216,405,Share
1540,85,56,Comment
1541,286,980,Dislike
1542,53,813,Dislike
1543,111,786,Share
1544,123,720,Share
1545,303,627,Comment
1546,334,382,Dislike
1547,454,599,Like
1548,122,47,Comment
1549,410,646,Dislike
1550,292,411,Comment
1551,226,654,Comment
1552,165,597,Share
1553,445,856,Share
1554,124,307,Share
1555,217,169,Dislike
1556,294,577,Comment
1557,273,953,Dislike
1558,66,532,Comment
1559,307,846,Dislike
1560,450,446,Like
1561,234,371,Dislike
1562,376,945,Share
1563,405,764,Comment
1564,276,604,Comment
1565,333,67,Dislike
1566,116,618,Like
1567,413,608,Share
1568,271,915,Dislike
1569,388,143,Comment
1570,381,383,Comment
1571,488,208,Dislike
1572,494,176,Comment
1573,325,739,Like
1574,44,897,Comment
1575,360,840,Like
1576,473,682,Like
1577,161,195,Share
1578,455,797,Share
1579,39,490,Dislike
1580,31,270,Dislike
1581,78,676,Like
1582,6,887,Comment
1583,104,804,Like
1584,90,768,Dislike
1585,186,205,Dislike
1586,325,868,Comment
1587,73,8,Like
1588,356,178,Share
1589,109,48,Dislike
1590,418,521,Comment
1591,467,302,Comment
1592,113,241,Comment
1593,52,206,Like
1594,460,627,Dislike
1595,127,278,Dislike
1596,70,16,Share
1597,323,540,Dislike
1598,69,870,Comment
1599,262,461,Share
1600,74,184,Like
1601,243,739,Dislike
1602,443,999,Dislike
1603,313,819,Comment
1604,34,179,Comment
1605,134,145,Share
1606,281,807,Share
1607,345,141,Like
1608,466,335,Dislike
1609,282,342,Dislike
1610,445,595,Comment
1611,23,477,Like
1612,410,142,Comment
1613,20,64,Like
1614,265,856,Comment
1615,460,837,Dislike
1616,401,270,Share
1617,4,406,Dislike
1618,478,657,Dislike
1619,283,815,Comment
1620,114,187,Dislike
1621,4,96,Dislike
1622,264,704,Dislike
1623,104,794,Share
1624,215,348,Share
1625,363,911,Share
1626,397,384,Dislike
1627,118,616,Share
1628,268,325,Comment
1629,193,356,Dislike
1630,470,47,Comment
1631,180,879,Dislike
1632,69,677,Like
1633,377,259,Dislike
1634,495,295,Like
1635,299,330,Like
1636,43,736,Dislike
1637,271,449,Like
1638,480,184,Comment
1639,450,565,Comment
1640,484,995,Like
1641,459,432,Dislike
1642,485,353,Comment
1643,186,924,Like
1644,498,113,Dislike
1645,114,356,Dislike
1646,281,26,Share
1647,217,454,Comment
1648,94,143,Dislike
1649,11,40,Dislike
1650,246,916,Comment
1651,360,187,Comment
1652,255,246,Like
1653,468,676,Dislike
1654,373,551,Dislike
1655,424,738,Like
1656,179,385,Comment
1657,43,663,Comment
1658,311,205,Dislike
1659,101,963,Comment
1660,245,761,Comment
1661,412,421,Comment
1662,230,760,Comment
1663,135,490,Share
1664,231,444,Share
1665,228,345,Comment
1666,242,221,Dislike
1667,241,600,Share
1668,125,801,Like
1669,182,394,Comment
1670,347,92,Comment
1671,285,596,Dislike
1672,266,760,Like
1673,267,408,Dislike
1674,393,819,Comment
1675,73,531,Share
1676,66,522,Like
1677,352,111,Share
1678,54,353,Share
1679,412,719,Share
1680,98,894,Like
1681,68,232,Comment
1682,234,543,Like
1683,229,384,Like
1684,394,86,Like
1685,245,794,Dislike
1686,184,581,Comment
1687,341,91,Share
1688,325,623,Comment
1689,277,438,Like
1690,396,737,Dislike
1691,411,400,Share
1692,308,755,Dislike
1693,11,166,Share
1694,276,69,Like
1695,149,909,Comment
1696,191,283,Comment
1697,151,766,Dislike
1698,401,952,Like
1699,491,957,Like
1700,342,314,Comment
1701,261,537,Like
1702,35,112,Like
1703,185,885,Like
1704,241,704,Like
1705,21,986,Share
1706,46,820,Dislike
1707,182,190,Share
1708,249,896,Dislike
1709,234,329,Comment
1710,136,335,Comment
1711,397,547,Comment
1712,8,483,Like
1713,295,477,Comment
1714,297,872,Dislike
1715,348,58,Dislike
1716,83,674,Comment
1717,148,87,Share
1718,224,860,Comment
1719,46,475,Like
1720,219,117,Share
1721,48,822,Like
1722,427,351,Comment
1723,239,631,Share
1724,250,891,Like
1725,384,814,Share
1726,267,449,Like
1727,396,490,Share
1728,102,786,Like
1729,111,278,Comment
1730,266,361,Like
1731,352,336,Share
1732,160,515,Comment
1733,214,297,Dislike
1734,329,511,Like
1735,269,6,Like
1736,257,24,Dislike
1737,303,365,Dislike
1738,54,49,Share
1739,161,922,Comment
1740,196,780,Dislike
1741,40,966,Share
1742,205,471,Share
1743,485,571,Share
1744,211,582,Dislike
1745,24,206,Comment
1746,339,107,Comment
1747,255,358,Dislike
1748,358,445,Comment
1749,399,146,Share
1750,361,75,Comment
1751,53,308,Dislike
1752,259,366,Comment
1753,464,989,Share
1754,310,555,Like
1755,462,32,Share
1756,237,112,Dislike
1757,81,943,Like
1758,25,91,Like
1759,85,530,Share
1760,315,574,Like
1761,415,68,Dislike
1762,13,679,Comment
1763,99,451,Comment
1764,373,812,Share
1765,371,449,Share
1766,211,64,Share
1767,273,540,Like
1768,435,90,Like
1769,7,697,Dislike
1770,363,413,Comment
1771,266,18,Share
1772,199,554,Like
1773,234,997,Dislike
1774,231,794,Like
1775,389,942,Share
1776,180,912,Share
1777,200,330,Share
1778,185,923,Like
1779,23,764,Dislike
1780,53,944,Share
1781,389,661,Comment
1782,388,199,Dislike
1783,249,874,Like
1784,398,344,Dislike
1785,230,173,Comment
1786,111,506,Dislike
1787,37,873,Comment
1788,426,983,Comment
1789,280,821,Share
1790,363,408,Dislike
1791,417,604,Like
1792,497,697,Dislike
1793,452,648,Comment
1794,275,574,Like
1795,487,514,Share
1796,489,999,Like
1797,132,749,Like
1798,236,621,Dislike
1799,159,971,Dislike
1800,105,198,Share
1801,2,540,Dislike
1802,165,626,Share
1803,78,431,Share
1804,64,186,Dislike
1805,412,877,Dislike
1806,274,251,Like
1807,17,171,Share
1808,404,260,Comment
1809,8,17,Dislike
1810,227,614,Dislike
1811,124,247,Share
1812,161,288,Like
1813,384,141,Share
1814,431,28,Comment
1815,380,34,Comment
1816,446,197,Like
1817,338,424,Share
1818,263,229,Like
1819,491,419,Like
1820,83,828,Dislike
1821,164,7,Comment
1822,13,163,Like
1823,47,672,Like
1824,224,53,Dislike
1825,109,820,Share
1826,46,22,Dislike
1827,169,300,Like
1828,12,878,Dislike
1829,109,371,Dislike
1830,347,540,Comment
1831,304,574,Like
1832,469,347,Share
1833,116,349,Share
1834,386,668,Like
1835,105,863,Like
1836,499,914,Like
1837,209,96,Like
1838,94,806,Dislike
1839,420,661,Comment
1840,265,698,Like
1841,31,381,Like
1842,290,904,Comment
1843,107,853,Comment
1844,36,49,Dislike
1845,355,593,Like
1846,244,400,Share
1847,362,933,Like
1848,420,23,Share
1849,94,994,Dislike
1850,450,681,Comment
1851,409,272,Like
1852,80,147,Share
1853,346,205,Comment
1854,89,885,Share
1855,412,262,Dislike
1856,431,813,Like
1857,92,823,Share
1858,213,753,Dislike
1859,428,259,Like
1860,167,101,Like
1861,324,779,Dislike
1862,225,855,Share
1863,48,46,Share
1864,99,414,Like
1865,182,484,Share
1866,181,191,Dislike
1867,228,423,Comment
1868,371,758,Comment
1869,486,236,Comment
1870,223,326,Comment
1871,431,601,Dislike
1872,247,819,Share
1873,87,676,Comment
1874,359,147,Dislike
1875,426,471,Comment
1876,195,346,Dislike
1877,111,29,Dislike
1878,299,923,Share
1879,500,55,Share
1880,428,705,Comment
1881,310,293,Dislike
1882,200,310,Comment
1883,67,233,Like
1884,433,692,Comment
1885,62,29,Share
1886,5,334,Like
1887,489,117,Comment
1888,258,547,Like
1889,402,691,Share
1890,169,787,Dislike
1891,173,895,Like
1892,83,613,Like
1893,242,462,Like
1894,51,281,Dislike
1895,110,449,Comment
1896,393,559,Like
1897,262,33,Share
1898,132,746,Dislike
1899,394,854,Dislike
1900,148,32,Like
1901,365,660,Like
1902,15,394,Dislike
1903,45,259,Like
1904,226,480,Like
1905,204,888,Comment
1906,188,611,Dislike
1907,419,636,Comment
1908,402,725,Like
1909,241,785,Like
1910,439,146,Share
1911,167,649,Dislike
1912,212,408,Like
1913,109,731,Like
1914,104,977,Dislike
1915,5,600,Dislike
1916,304,593,Share
1917,372,636,Like
1918,310,823,Dislike
1919,341,237,Like
1920,487,89,Like
1921,100,683,Dislike
1922,97,661,Comment
1923,253,714,Comment
1924,71,393,Comment
1925,425,762,Share
1926,474,231,Share
1927,419,384,Comment
1928,50,858,Comment
1929,7,878,Comment
1930,257,677,Dislike
1931,142,438,Like
1932,236,421,Dislike
1933,410,993,Share
1934,340,238,Comment
1935,77,489,Like
1936,333,108,Like
1937,282,434,Like
1938,153,284,Share
1939,179,792,Share
1940,427,77,Like
1941,76,543,Like
1942,123,809,Dislike
1943,142,548,Like
1944,308,434,Like
1945,119,397,Comment
1946,311,771,Dislike
1947,137,722,Share
1948,147,605,Comment
1949,201,594,Comment
1950,17,934,Dislike
1951,165,115,Like
1952,424,958,Comment
1953,351,623,Comment
1954,397,800,Comment
1955,273,529,Comment
1956,172,802,Dislike
1957,115,217,Comment
1958,330,406,Comment
1959,401,300,Dislike
1960,239,384,Comment
1961,93,906,Like
1962,451,61,Like
1963,175,797,Comment
1964,335,375,Dislike
1965,18,734,Dislike
1966,256,421,Share
1967,177,47,Share
1968,379,231,Dislike
1969,125,581,Share
1970,365,712,Comment
1971,497,834,Dislike
1972,61,368,Comment
1973,109,674,Dislike
1974,462,504,Comment
1975,350,833,Dislike
1976,112,506,Dislike
1977,461,794,Comment
1978,407,252,Dislike
1979,227,934,Dislike
1980,21,22,Share
1981,44,441,Share
1982,51,372,Comment
1983,97,608,Share
1984,6,441,Comment
1985,468,316,Share
1986,239,551,Dislike
1987,6,763,Comment
1988,175,999,Share
1989,152,858,Comment
1990,87,252,Like
1991,342,620,Share
1992,17,41,Comment
1993,434,957,Like
1994,336,553,Share
1995,116,933,Comment
1996,151,783,Comment
1997,118,977,Share
1998,42,607,Like
1999,291,485,Like
2000,112,33,Share
