video_id,channel_id,title,duration_sec,upload_date
1,22,Amazing Video 1,3236,2023-01-11
2,5,Amazing Video 2,3565,2023-10-03
3,24,Amazing Video 3,1065,2024-01-24
4,44,Amazing Video 4,3128,2023-03-04
5,90,Amazing Video 5,3171,2023-12-02
6,64,Amazing Video 6,1579,2023-07-19
7,42,Amazing Video 7,3592,2023-08-14
8,39,Amazing Video 8,1746,2023-07-24
9,14,Amazing Video 9,1175,2023-05-02
10,95,Amazing Video 10,1950,2023-02-18
11,63,Amazing Video 11,1836,2023-08-11
12,6,Amazing Video 12,2376,2023-01-12
13,41,Amazing Video 13,1403,2023-03-12
14,68,Amazing Video 14,1421,2023-10-25
15,93,Amazing Video 15,1149,2023-05-02
16,23,Amazing Video 16,3279,2023-02-10
17,44,Amazing Video 17,442,2023-10-29
18,20,Amazing Video 18,2565,2023-07-23
19,9,Amazing Video 19,841,2023-04-14
20,66,Amazing Video 20,421,2023-03-20
21,38,Amazing Video 21,1753,2023-10-24
22,35,Amazing Video 22,1230,2023-03-28
23,60,Amazing Video 23,2140,2023-11-18
24,11,Amazing Video 24,3317,2023-08-01
25,94,Amazing Video 25,720,2023-01-10
26,90,Amazing Video 26,3226,2023-01-26
27,77,Amazing Video 27,1888,2023-04-20
28,68,Amazing Video 28,3114,2023-02-18
29,8,Amazing Video 29,1569,2023-10-15
30,66,Amazing Video 30,3428,2023-07-27
31,11,Amazing Video 31,3281,2024-01-26
32,1,Amazing Video 32,2234,2023-01-04
33,26,Amazing Video 33,3462,2023-12-08
34,22,Amazing Video 34,3455,2023-05-26
35,5,Amazing Video 35,602,2023-10-29
36,84,Amazing Video 36,2230,2023-01-18
37,49,Amazing Video 37,412,2023-05-28
38,89,Amazing Video 38,1271,2023-09-03
39,8,Amazing Video 39,781,2023-03-03
40,66,Amazing Video 40,591,2023-03-10
41,93,Amazing Video 41,2202,2023-01-19
42,37,Amazing Video 42,2703,2024-01-13
43,94,Amazing Video 43,1643,2023-03-06
44,94,Amazing Video 44,430,2023-12-26
45,11,Amazing Video 45,925,2023-01-24
46,81,Amazing Video 46,233,2023-11-19
47,93,Amazing Video 47,2335,2023-04-21
48,100,Amazing Video 48,1645,2023-07-21
49,67,Amazing Video 49,1777,2024-01-08
50,100,Amazing Video 50,826,2023-01-02
51,91,Amazing Video 51,3395,2023-03-20
52,79,Amazing Video 52,1419,2023-06-05
53,51,Amazing Video 53,570,2023-09-01
54,25,Amazing Video 54,457,2023-08-22
55,88,Amazing Video 55,1162,2023-01-31
56,30,Amazing Video 56,2930,2023-04-21
57,25,Amazing Video 57,1958,2023-07-18
58,45,Amazing Video 58,3494,2023-08-24
59,25,Amazing Video 59,2632,2023-11-12
60,49,Amazing Video 60,3594,2023-12-11
61,6,Amazing Video 61,2396,2023-08-18
62,32,Amazing Video 62,2996,2023-05-25
63,4,Amazing Video 63,3025,2023-06-28
64,41,Amazing Video 64,2309,2023-03-18
65,85,Amazing Video 65,2033,2023-08-31
66,47,Amazing Video 66,1148,2023-04-13
67,15,Amazing Video 67,2404,2023-04-15
68,87,Amazing Video 68,776,2023-06-01
69,98,Amazing Video 69,1541,2023-06-19
70,41,Amazing Video 70,465,2023-10-30
71,20,Amazing Video 71,3284,2023-01-17
72,50,Amazing Video 72,2548,2023-03-17
73,46,Amazing Video 73,1678,2023-03-24
74,76,Amazing Video 74,2557,2023-02-19
75,33,Amazing Video 75,182,2023-10-02
76,99,Amazing Video 76,482,2023-10-31
77,78,Amazing Video 77,2768,2023-02-01
78,92,Amazing Video 78,1332,2023-09-10
79,8,Amazing Video 79,2788,2023-12-23
80,97,Amazing Video 80,598,2024-01-03
81,85,Amazing Video 81,1589,2023-10-27
82,9,Amazing Video 82,142,2023-09-26
83,79,Amazing Video 83,1186,2023-07-19
84,20,Amazing Video 84,430,2023-01-06
85,78,Amazing Video 85,1721,2023-01-18
86,57,Amazing Video 86,2179,2023-11-17
87,98,Amazing Video 87,881,2023-01-09
88,43,Amazing Video 88,405,2023-06-04
89,25,Amazing Video 89,2195,2024-02-01
90,16,Amazing Video 90,2410,2023-02-13
91,51,Amazing Video 91,579,2023-04-16
92,42,Amazing Video 92,3492,2023-04-29
93,76,Amazing Video 93,1830,2023-02-26
94,78,Amazing Video 94,879,2023-08-28
95,73,Amazing Video 95,1287,2023-07-14
96,88,Amazing Video 96,2377,2023-11-07
97,84,Amazing Video 97,1096,2023-08-20
98,40,Amazing Video 98,2155,2023-06-21
99,43,Amazing Video 99,2870,2023-05-10
100,61,Amazing Video 100,278,2023-08-31
101,7,Amazing Video 101,1854,2023-09-01
102,26,Amazing Video 102,2133,2023-01-08
103,32,Amazing Video 103,2475,2024-01-26
104,5,Amazing Video 104,674,2023-01-24
105,97,Amazing Video 105,3198,2023-06-04
106,33,Amazing Video 106,1669,2024-01-08
107,75,Amazing Video 107,1196,2023-04-13
108,16,Amazing Video 108,1617,2023-05-25
109,15,Amazing Video 109,1472,2023-09-14
110,3,Amazing Video 110,3566,2023-01-07
111,92,Amazing Video 111,802,2024-02-03
112,27,Amazing Video 112,1624,2023-07-24
113,58,Amazing Video 113,970,2023-11-16
114,50,Amazing Video 114,2277,2023-03-26
115,79,Amazing Video 115,598,2024-01-09
116,22,Amazing Video 116,2511,2023-06-24
117,74,Amazing Video 117,2283,2023-09-09
118,35,Amazing Video 118,2153,2023-02-01
119,41,Amazing Video 119,1741,2023-09-13
120,78,Amazing Video 120,1524,2023-08-30
121,28,Amazing Video 121,2199,2023-08-31
122,39,Amazing Video 122,695,2023-10-19
123,73,Amazing Video 123,254,2023-09-08
124,16,Amazing Video 124,3079,2024-01-30
125,50,Amazing Video 125,982,2023-10-21
126,84,Amazing Video 126,2901,2024-01-04
127,58,Amazing Video 127,3437,2023-03-12
128,33,Amazing Video 128,3095,2023-05-29
129,47,Amazing Video 129,1930,2023-03-06
130,96,Amazing Video 130,747,2023-01-07
131,53,Amazing Video 131,796,2023-01-05
132,92,Amazing Video 132,1237,2024-01-18
133,82,Amazing Video 133,3269,2023-02-01
134,65,Amazing Video 134,3496,2023-06-22
135,55,Amazing Video 135,876,2023-11-20
136,57,Amazing Video 136,346,2023-05-26
137,17,Amazing Video 137,1436,2023-06-23
138,15,Amazing Video 138,676,2023-09-11
139,21,Amazing Video 139,3486,2023-08-14
140,68,Amazing Video 140,369,2023-12-14
141,32,Amazing Video 141,2466,2023-10-09
142,95,Amazing Video 142,384,2023-05-04
143,54,Amazing Video 143,3420,2023-01-11
144,61,Amazing Video 144,1356,2023-04-30
145,45,Amazing Video 145,221,2023-06-14
146,83,Amazing Video 146,2519,2023-11-17
147,49,Amazing Video 147,2862,2023-12-12
148,19,Amazing Video 148,847,2024-02-05
149,16,Amazing Video 149,2499,2023-05-15
150,88,Amazing Video 150,2328,2023-01-27
151,8,Amazing Video 151,449,2023-06-13
152,48,Amazing Video 152,2392,2023-08-30
153,66,Amazing Video 153,1801,2023-12-02
154,61,Amazing Video 154,1782,2023-04-16
155,84,Amazing Video 155,2566,2023-07-29
156,21,Amazing Video 156,2752,2023-10-08
157,81,Amazing Video 157,3189,2023-11-03
158,40,Amazing Video 158,479,2023-06-19
159,71,Amazing Video 159,1229,2023-04-05
160,95,Amazing Video 160,1388,2023-12-16
161,99,Amazing Video 161,2651,2023-10-13
162,75,Amazing Video 162,466,2023-05-13
163,94,Amazing Video 163,2850,2023-05-05
164,56,Amazing Video 164,597,2023-02-04
165,95,Amazing Video 165,206,2023-06-25
166,74,Amazing Video 166,1768,2023-09-28
167,94,Amazing Video 167,1714,2024-01-08
168,93,Amazing Video 168,1999,2024-01-19
169,64,Amazing Video 169,3338,2023-09-27
170,18,Amazing Video 170,1294,2024-01-28
171,2,Amazing Video 171,2364,2023-05-28
172,46,Amazing Video 172,3194,2023-04-11
173,57,Amazing Video 173,1606,2023-08-22
174,28,Amazing Video 174,3572,2023-12-08
175,32,Amazing Video 175,673,2023-12-06
176,21,Amazing Video 176,1236,2023-04-02
177,82,Amazing Video 177,2087,2023-03-19
178,21,Amazing Video 178,3464,2023-08-31
179,23,Amazing Video 179,1179,2023-11-01
180,1,Amazing Video 180,1812,2023-09-13
181,7,Amazing Video 181,598,2023-11-07
182,42,Amazing Video 182,2654,2023-07-25
183,12,Amazing Video 183,2925,2023-09-15
184,51,Amazing Video 184,1845,2024-01-16
185,67,Amazing Video 185,2562,2023-04-29
186,83,Amazing Video 186,2794,2023-09-04
187,88,Amazing Video 187,3100,2023-08-11
188,52,Amazing Video 188,459,2023-10-07
189,68,Amazing Video 189,2793,2024-01-31
190,19,Amazing Video 190,2507,2023-06-23
191,9,Amazing Video 191,644,2023-08-05
192,74,Amazing Video 192,954,2023-12-17
193,92,Amazing Video 193,2097,2023-02-14
194,3,Amazing Video 194,1300,2023-02-02
195,73,Amazing Video 195,1579,2023-11-26
196,78,Amazing Video 196,3139,2023-04-20
197,44,Amazing Video 197,448,2024-01-01
198,47,Amazing Video 198,1319,2023-07-03
199,35,Amazing Video 199,1040,2023-08-22
200,12,Amazing Video 200,1741,2024-01-10
201,60,Amazing Video 201,426,2023-08-12
202,72,Amazing Video 202,2099,2024-01-22
203,8,Amazing Video 203,1387,2023-08-17
204,55,Amazing Video 204,3315,2023-07-19
205,75,Amazing Video 205,2711,2023-11-16
206,90,Amazing Video 206,3447,2023-04-06
207,68,Amazing Video 207,787,2023-10-08
208,78,Amazing Video 208,2304,2023-10-15
209,83,Amazing Video 209,703,2023-05-25
210,62,Amazing Video 210,1375,2023-10-28
211,14,Amazing Video 211,1170,2024-02-05
212,67,Amazing Video 212,390,2023-11-15
213,75,Amazing Video 213,2877,2023-02-20
214,46,Amazing Video 214,2183,2023-07-24
215,76,Amazing Video 215,3050,2023-02-01
216,43,Amazing Video 216,1260,2023-06-10
217,96,Amazing Video 217,1103,2023-12-27
218,97,Amazing Video 218,3499,2023-02-19
219,24,Amazing Video 219,1348,2023-11-11
220,91,Amazing Video 220,503,2023-06-26
221,42,Amazing Video 221,195,2023-11-28
222,29,Amazing Video 222,2284,2023-02-18
223,96,Amazing Video 223,240,2023-06-09
224,69,Amazing Video 224,3321,2023-03-11
225,55,Amazing Video 225,2592,2023-02-03
226,44,Amazing Video 226,1030,2023-06-19
227,22,Amazing Video 227,2273,2023-04-28
228,61,Amazing Video 228,918,2023-01-23
229,38,Amazing Video 229,1825,2023-02-19
230,1,Amazing Video 230,3590,2023-02-10
231,33,Amazing Video 231,1070,2023-03-05
232,74,Amazing Video 232,2822,2023-09-24
233,79,Amazing Video 233,3101,2023-08-08
234,41,Amazing Video 234,2034,2023-07-21
235,86,Amazing Video 235,3014,2023-10-12
236,61,Amazing Video 236,2805,2023-04-17
237,74,Amazing Video 237,2939,2023-01-22
238,16,Amazing Video 238,1994,2024-01-12
239,98,Amazing Video 239,1059,2023-03-31
240,35,Amazing Video 240,2293,2023-01-12
241,58,Amazing Video 241,2459,2023-04-27
242,54,Amazing Video 242,1985,2023-01-05
243,91,Amazing Video 243,2153,2023-12-04
244,38,Amazing Video 244,404,2023-10-17
245,26,Amazing Video 245,2128,2023-06-16
246,68,Amazing Video 246,2514,2023-06-23
247,32,Amazing Video 247,3241,2023-11-09
248,90,Amazing Video 248,766,2023-06-17
249,8,Amazing Video 249,2976,2023-03-08
250,66,Amazing Video 250,1969,2024-01-30
251,23,Amazing Video 251,2415,2023-10-04
252,5,Amazing Video 252,3326,2023-03-09
253,75,Amazing Video 253,2308,2023-12-04
254,43,Amazing Video 254,3485,2023-06-02
255,25,Amazing Video 255,704,2023-08-18
256,58,Amazing Video 256,2910,2023-09-19
257,22,Amazing Video 257,2079,2023-06-05
258,60,Amazing Video 258,740,2023-03-09
259,57,Amazing Video 259,523,2023-07-13
260,70,Amazing Video 260,2111,2023-08-14
261,18,Amazing Video 261,1445,2024-01-27
262,74,Amazing Video 262,615,2023-01-05
263,62,Amazing Video 263,654,2023-05-30
264,93,Amazing Video 264,1698,2023-05-28
265,74,Amazing Video 265,3167,2023-07-27
266,6,Amazing Video 266,2535,2023-09-06
267,11,Amazing Video 267,2958,2023-03-18
268,78,Amazing Video 268,3290,2024-01-28
269,33,Amazing Video 269,3105,2023-06-24
270,76,Amazing Video 270,1170,2023-05-24
271,98,Amazing Video 271,1896,2023-12-29
272,4,Amazing Video 272,890,2023-04-26
273,18,Amazing Video 273,1135,2023-07-01
274,17,Amazing Video 274,547,2023-06-24
275,75,Amazing Video 275,974,2023-12-20
276,21,Amazing Video 276,2246,2023-03-21
277,51,Amazing Video 277,3357,2023-12-24
278,25,Amazing Video 278,3598,2024-01-24
279,37,Amazing Video 279,1504,2023-07-01
280,82,Amazing Video 280,3235,2023-02-18
281,27,Amazing Video 281,2037,2023-03-30
282,82,Amazing Video 282,2594,2023-08-17
283,26,Amazing Video 283,2309,2023-05-31
284,68,Amazing Video 284,1551,2023-07-23
285,16,Amazing Video 285,220,2023-06-14
286,65,Amazing Video 286,2627,2023-08-22
287,80,Amazing Video 287,2590,2023-05-28
288,35,Amazing Video 288,912,2023-08-07
289,95,Amazing Video 289,2458,2023-12-27
290,31,Amazing Video 290,2162,2023-06-12
291,43,Amazing Video 291,1726,2023-09-24
292,32,Amazing Video 292,187,2023-02-16
293,7,Amazing Video 293,961,2024-01-27
294,43,Amazing Video 294,837,2023-02-11
295,61,Amazing Video 295,2743,2023-05-21
296,78,Amazing Video 296,3181,2023-05-01
297,8,Amazing Video 297,3355,2023-10-28
298,55,Amazing Video 298,2673,2024-01-05
299,91,Amazing Video 299,2649,2023-11-15
300,37,Amazing Video 300,1824,2023-04-18
301,45,Amazing Video 301,1924,2023-04-17
302,37,Amazing Video 302,1491,2023-07-06
303,34,Amazing Video 303,1771,2023-07-11
304,7,Amazing Video 304,681,2023-08-06
305,50,Amazing Video 305,2324,2024-02-01
306,23,Amazing Video 306,2422,2023-09-14
307,85,Amazing Video 307,2591,2023-07-01
308,31,Amazing Video 308,3599,2023-02-08
309,58,Amazing Video 309,2242,2023-01-19
310,56,Amazing Video 310,2690,2023-03-01
311,80,Amazing Video 311,1414,2023-07-10
312,100,Amazing Video 312,1194,2023-11-15
313,48,Amazing Video 313,2134,2023-12-08
314,84,Amazing Video 314,3290,2023-11-22
315,55,Amazing Video 315,1228,2023-09-30
316,24,Amazing Video 316,740,2023-05-11
317,42,Amazing Video 317,746,2023-03-22
318,64,Amazing Video 318,1193,2023-08-26
319,35,Amazing Video 319,1953,2023-09-01
320,41,Amazing Video 320,3274,2023-10-07
321,17,Amazing Video 321,1564,2023-07-01
322,22,Amazing Video 322,3081,2023-03-05
323,61,Amazing Video 323,2425,2023-03-07
324,2,Amazing Video 324,1718,2023-11-22
325,95,Amazing Video 325,122,2023-07-27
326,21,Amazing Video 326,2120,2023-02-28
327,85,Amazing Video 327,2201,2023-08-15
328,26,Amazing Video 328,2333,2023-03-07
329,44,Amazing Video 329,952,2023-06-01
330,55,Amazing Video 330,3104,2023-08-23
331,23,Amazing Video 331,2601,2023-02-24
332,49,Amazing Video 332,2315,2023-03-20
333,58,Amazing Video 333,3283,2023-07-14
334,54,Amazing Video 334,2497,2023-05-24
335,85,Amazing Video 335,3494,2023-10-29
336,81,Amazing Video 336,3347,2023-03-16
337,79,Amazing Video 337,2817,2023-01-07
338,9,Amazing Video 338,1282,2023-01-23
339,78,Amazing Video 339,1025,2023-04-29
340,14,Amazing Video 340,575,2023-06-05
341,94,Amazing Video 341,3552,2023-02-04
342,64,Amazing Video 342,1260,2023-10-14
343,100,Amazing Video 343,836,2023-05-16
344,91,Amazing Video 344,651,2023-01-12
345,61,Amazing Video 345,1622,2023-11-16
346,43,Amazing Video 346,302,2023-09-21
347,56,Amazing Video 347,3382,2023-10-19
348,30,Amazing Video 348,3025,2023-04-26
349,64,Amazing Video 349,1805,2023-08-18
350,23,Amazing Video 350,2516,2023-04-20
351,24,Amazing Video 351,1254,2023-05-26
352,95,Amazing Video 352,2032,2023-07-12
353,18,Amazing Video 353,1714,2024-01-17
354,36,Amazing Video 354,3206,2023-01-13
355,31,Amazing Video 355,2904,2023-05-25
356,67,Amazing Video 356,2148,2023-11-11
357,47,Amazing Video 357,3077,2023-06-12
358,10,Amazing Video 358,794,2023-12-28
359,18,Amazing Video 359,2491,2023-02-07
360,73,Amazing Video 360,2783,2023-04-29
361,4,Amazing Video 361,3162,2023-06-28
362,55,Amazing Video 362,1955,2024-01-07
363,4,Amazing Video 363,2186,2023-03-01
364,10,Amazing Video 364,812,2023-03-06
365,99,Amazing Video 365,2805,2023-06-16
366,53,Amazing Video 366,2244,2023-05-25
367,49,Amazing Video 367,2770,2023-07-01
368,86,Amazing Video 368,1591,2023-10-13
369,46,Amazing Video 369,1459,2023-12-04
370,17,Amazing Video 370,2638,2023-12-11
371,49,Amazing Video 371,3547,2023-11-18
372,28,Amazing Video 372,2505,2023-07-08
373,64,Amazing Video 373,2062,2023-11-09
374,52,Amazing Video 374,886,2023-01-03
375,93,Amazing Video 375,845,2023-10-05
376,45,Amazing Video 376,1846,2023-05-10
377,35,Amazing Video 377,3110,2023-09-24
378,1,Amazing Video 378,290,2023-11-15
379,60,Amazing Video 379,1547,2023-12-08
380,5,Amazing Video 380,1037,2023-08-22
381,29,Amazing Video 381,843,2023-09-05
382,20,Amazing Video 382,1841,2023-01-11
383,75,Amazing Video 383,2465,2023-06-06
384,77,Amazing Video 384,2524,2023-06-13
385,68,Amazing Video 385,2502,2023-02-04
386,34,Amazing Video 386,2217,2023-04-23
387,70,Amazing Video 387,1728,2023-08-20
388,92,Amazing Video 388,671,2023-11-15
389,24,Amazing Video 389,1022,2023-03-14
390,58,Amazing Video 390,1238,2023-06-02
391,94,Amazing Video 391,2200,2023-04-12
392,25,Amazing Video 392,2722,2023-01-26
393,35,Amazing Video 393,1808,2023-05-05
394,2,Amazing Video 394,1304,2023-03-16
395,82,Amazing Video 395,2248,2023-10-06
396,37,Amazing Video 396,2925,2023-07-19
397,31,Amazing Video 397,2533,2023-05-31
398,12,Amazing Video 398,659,2023-09-19
399,25,Amazing Video 399,2005,2023-02-01
400,42,Amazing Video 400,700,2023-05-02
401,9,Amazing Video 401,855,2024-01-16
402,73,Amazing Video 402,2830,2024-01-18
403,90,Amazing Video 403,2349,2023-05-14
404,28,Amazing Video 404,589,2023-07-25
405,89,Amazing Video 405,1723,2023-10-25
406,67,Amazing Video 406,2935,2023-08-10
407,9,Amazing Video 407,2804,2023-08-05
408,78,Amazing Video 408,736,2023-11-11
409,67,Amazing Video 409,3385,2024-01-30
410,99,Amazing Video 410,3535,2023-10-31
411,15,Amazing Video 411,1938,2023-06-28
412,70,Amazing Video 412,1994,2023-08-20
413,73,Amazing Video 413,2857,2023-01-04
414,92,Amazing Video 414,2198,2023-12-04
415,31,Amazing Video 415,2759,2023-07-20
416,95,Amazing Video 416,828,2024-01-14
417,39,Amazing Video 417,2418,2023-05-30
418,12,Amazing Video 418,1352,2023-03-14
419,85,Amazing Video 419,2578,2023-06-02
420,47,Amazing Video 420,1076,2023-12-13
421,3,Amazing Video 421,2072,2023-06-09
422,29,Amazing Video 422,1503,2023-06-23
423,40,Amazing Video 423,1224,2023-03-23
424,72,Amazing Video 424,762,2024-01-19
425,30,Amazing Video 425,2759,2023-11-27
426,61,Amazing Video 426,1973,2023-02-03
427,95,Amazing Video 427,2007,2023-02-19
428,36,Amazing Video 428,1717,2024-01-27
429,85,Amazing Video 429,2512,2023-01-07
430,19,Amazing Video 430,1830,2023-03-08
431,18,Amazing Video 431,3439,2023-11-23
432,7,Amazing Video 432,593,2023-12-10
433,22,Amazing Video 433,923,2023-12-20
434,48,Amazing Video 434,3376,2023-10-04
435,69,Amazing Video 435,3070,2023-05-19
436,60,Amazing Video 436,722,2023-06-23
437,6,Amazing Video 437,1714,2023-04-03
438,98,Amazing Video 438,1192,2023-07-14
439,84,Amazing Video 439,685,2023-12-01
440,20,Amazing Video 440,2179,2023-05-29
441,4,Amazing Video 441,1331,2023-04-18
442,49,Amazing Video 442,1760,2023-02-01
443,50,Amazing Video 443,3353,2023-11-01
444,2,Amazing Video 444,425,2023-01-15
445,15,Amazing Video 445,1791,2023-08-01
446,6,Amazing Video 446,2972,2023-10-31
447,77,Amazing Video 447,2297,2023-10-07
448,81,Amazing Video 448,2808,2023-04-06
449,90,Amazing Video 449,2300,2023-03-06
450,55,Amazing Video 450,294,2023-07-28
451,3,Amazing Video 451,1775,2023-05-29
452,3,Amazing Video 452,2849,2023-12-19
453,45,Amazing Video 453,1583,2023-10-12
454,19,Amazing Video 454,595,2023-11-03
455,26,Amazing Video 455,1259,2023-03-14
456,50,Amazing Video 456,663,2023-01-06
457,14,Amazing Video 457,2001,2023-01-27
458,48,Amazing Video 458,1663,2023-12-21
459,93,Amazing Video 459,1812,2023-08-09
460,100,Amazing Video 460,2917,2023-08-22
461,54,Amazing Video 461,836,2023-09-06
462,39,Amazing Video 462,360,2024-01-31
463,58,Amazing Video 463,1228,2023-01-14
464,52,Amazing Video 464,2708,2023-08-18
465,34,Amazing Video 465,3386,2023-11-15
466,20,Amazing Video 466,2856,2023-04-13
467,55,Amazing Video 467,829,2023-07-07
468,35,Amazing Video 468,905,2024-01-21
469,16,Amazing Video 469,2665,2023-08-13
470,94,Amazing Video 470,295,2023-01-08
471,71,Amazing Video 471,1971,2023-11-14
472,74,Amazing Video 472,2026,2023-03-25
473,4,Amazing Video 473,518,2023-08-27
474,21,Amazing Video 474,3515,2023-04-25
475,48,Amazing Video 475,2037,2023-08-18
476,39,Amazing Video 476,1037,2023-01-17
477,99,Amazing Video 477,3348,2023-06-03
478,63,Amazing Video 478,436,2023-10-01
479,92,Amazing Video 479,2721,2023-08-20
480,83,Amazing Video 480,3381,2023-10-28
481,39,Amazing Video 481,3555,2023-11-18
482,26,Amazing Video 482,983,2023-01-29
483,78,Amazing Video 483,843,2023-04-24
484,82,Amazing Video 484,1156,2023-12-20
485,78,Amazing Video 485,2563,2023-09-05
486,6,Amazing Video 486,3284,2023-05-22
487,73,Amazing Video 487,148,2023-01-11
488,97,Amazing Video 488,3437,2024-01-21
489,62,Amazing Video 489,2873,2023-09-16
490,45,Amazing Video 490,2230,2023-04-01
491,90,Amazing Video 491,2929,2024-01-23
492,83,Amazing Video 492,1254,2023-04-22
493,50,Amazing Video 493,3089,2023-07-25
494,13,Amazing Video 494,2693,2023-02-01
495,68,Amazing Video 495,841,2023-10-26
496,63,Amazing Video 496,327,2023-11-19
497,48,Amazing Video 497,3345,2023-07-22
498,6,Amazing Video 498,1930,2023-03-11
499,74,Amazing Video 499,2648,2023-02-16
500,50,Amazing Video 500,1246,2023-10-02
