id,video_id,category_id
1,1,5
2,1,8
3,1,7
4,2,8
5,2,7
6,3,9
7,3,10
8,4,9
9,5,9
10,6,3
11,6,4
12,7,10
13,8,3
14,8,4
15,9,6
16,10,1
17,11,4
18,11,1
19,12,7
20,13,2
21,13,7
22,13,8
23,14,10
24,14,4
25,15,6
26,15,9
27,15,5
28,16,2
29,17,9
30,17,6
31,18,5
32,19,9
33,19,5
34,19,1
35,20,4
36,20,9
37,20,8
38,21,1
39,22,6
40,22,8
41,23,9
42,24,10
43,24,7
44,25,4
45,25,1
46,26,3
47,26,1
48,27,5
49,27,8
50,27,2
51,28,6
52,28,10
53,29,2
54,29,7
55,29,6
56,30,1
57,31,5
58,31,9
59,31,2
60,32,10
61,32,2
62,32,7
63,33,2
64,34,5
65,34,9
66,35,9
67,35,5
68,36,5
69,36,8
70,36,9
71,37,1
72,38,7
73,39,5
74,40,2
75,40,7
76,40,8
77,41,9
78,41,6
79,41,2
80,42,5
81,42,8
82,43,10
83,43,3
84,44,1
85,44,6
86,45,2
87,45,1
88,45,9
89,46,3
90,46,5
91,46,1
92,47,10
93,47,1
94,48,8
95,49,9
96,49,5
97,49,2
98,50,10
99,51,2
100,51,8
101,51,3
102,52,3
103,52,5
104,52,4
105,53,5
106,54,8
107,54,2
108,54,1
109,55,7
110,55,4
111,55,6
112,56,10
113,57,7
114,57,10
115,58,7
116,59,7
117,60,2
118,61,6
119,62,3
120,62,10
121,62,5
122,63,3
123,64,1
124,64,5
125,65,10
126,66,6
127,66,2
128,67,3
129,67,8
130,68,8
131,69,6
132,70,8
133,71,5
134,72,5
135,72,6
136,73,2
137,74,4
138,75,6
139,76,10
140,76,6
141,76,5
142,77,9
143,78,5
144,78,6
145,79,1
146,80,5
147,80,1
148,80,8
149,81,3
150,81,5
151,82,6
152,82,8
153,82,7
154,83,10
155,83,7
156,83,2
157,84,5
158,85,2
159,85,3
160,86,9
161,86,2
162,86,3
163,87,5
164,88,4
165,89,6
166,90,10
167,90,5
168,91,6
169,92,7
170,92,5
171,93,2
172,93,1
173,94,1
174,94,5
175,95,6
176,95,4
177,95,10
178,96,9
179,96,2
180,97,2
181,97,7
182,97,3
183,98,3
184,98,5
185,98,7
186,99,9
187,99,2
188,100,8
189,100,7
190,101,4
191,101,8
192,101,5
193,102,5
194,103,8
195,103,6
196,103,7
197,104,4
198,104,2
199,104,5
200,105,10
201,105,4
202,106,6
203,107,6
204,107,7
205,107,9
206,108,5
207,108,8
208,109,3
209,110,4
210,110,7
211,110,2
212,111,8
213,112,9
214,112,4
215,113,6
216,113,10
217,113,4
218,114,10
219,114,3
220,114,8
221,115,2
222,116,7
223,116,4
224,116,3
225,117,8
226,117,4
227,118,10
228,118,1
229,119,7
230,119,5
231,119,10
232,120,2
233,120,6
234,120,9
235,121,2
236,121,4
237,121,8
238,122,6
239,123,3
240,123,6
241,123,10
242,124,5
243,125,10
244,125,3
245,125,7
246,126,8
247,127,10
248,127,8
249,127,6
250,128,1
251,128,2
252,128,8
253,129,7
254,129,2
255,129,8
256,130,10
257,130,2
258,131,5
259,132,6
260,133,8
261,134,10
262,135,6
263,136,1
264,136,4
265,136,8
266,137,4
267,138,7
268,138,1
269,139,3
270,139,2
271,139,4
272,140,7
273,140,10
274,141,4
275,141,9
276,142,3
277,142,2
278,143,2
279,143,7
280,144,4
281,145,6
282,146,4
283,147,6
284,147,8
285,147,3
286,148,4
287,148,10
288,149,5
289,149,8
290,149,1
291,150,1
292,150,4
293,150,6
294,151,2
295,152,3
296,152,7
297,152,1
298,153,3
299,153,10
300,153,7
301,154,1
302,154,3
303,155,2
304,156,4
305,157,1
306,158,6
307,158,5
308,158,8
309,159,8
310,160,1
311,161,4
312,162,8
313,163,4
314,163,2
315,164,1
316,164,10
317,165,7
318,166,5
319,166,9
320,167,7
321,167,2
322,168,4
323,168,8
324,169,1
325,170,3
326,170,5
327,170,7
328,171,3
329,171,10
330,171,9
331,172,3
332,173,8
333,173,5
334,173,10
335,174,7
336,174,1
337,175,3
338,175,2
339,175,1
340,176,3
341,176,6
342,176,2
343,177,3
344,177,1
345,178,9
346,178,10
347,178,6
348,179,4
349,180,4
350,180,10
351,180,6
352,181,1
353,181,10
354,182,8
355,182,2
356,182,10
357,183,10
358,184,3
359,184,9
360,185,9
361,185,4
362,186,4
363,187,7
364,187,8
365,187,6
366,188,9
367,189,10
368,190,3
369,191,7
370,191,2
371,191,5
372,192,9
373,193,5
374,193,6
375,194,8
376,194,1
377,194,2
378,195,7
379,195,6
380,196,3
381,196,10
382,196,5
383,197,5
384,198,5
385,198,1
386,198,4
387,199,9
388,200,6
389,200,2
390,200,9
391,201,1
392,202,9
393,202,3
394,203,8
395,203,10
396,204,10
397,205,6
398,205,5
399,206,2
400,206,3
401,207,7
402,208,8
403,208,3
404,209,2
405,209,10
406,209,9
407,210,1
408,211,1
409,211,9
410,211,5
411,212,3
412,212,1
413,212,6
414,213,7
415,213,3
416,214,6
417,214,1
418,214,2
419,215,3
420,216,4
421,216,3
422,217,9
423,217,1
424,217,10
425,218,7
426,218,10
427,219,6
428,220,10
429,220,3
430,221,8
431,222,6
432,223,4
433,223,6
434,223,9
435,224,3
436,225,8
437,226,2
438,226,9
439,227,3
440,227,4
441,228,1
442,228,5
443,229,3
444,229,5
445,229,6
446,230,4
447,230,9
448,230,8
449,231,1
450,231,8
451,232,8
452,232,7
453,232,4
454,233,1
455,233,3
456,233,10
457,234,3
458,234,7
459,234,10
460,235,1
461,235,4
462,235,6
463,236,4
464,237,2
465,237,10
466,237,4
467,238,10
468,239,2
469,240,7
470,240,8
471,240,10
472,241,3
473,241,6
474,242,3
475,242,9
476,242,7
477,243,6
478,243,10
479,243,3
480,244,8
481,245,6
482,245,8
483,245,7
484,246,7
485,247,9
486,248,9
487,248,6
488,249,1
489,249,8
490,249,3
491,250,6
492,250,4
493,250,8
494,251,3
495,252,10
496,252,6
497,253,3
498,253,5
499,254,8
500,254,1
501,254,3
502,255,2
503,255,3
504,256,7
505,256,6
506,256,2
507,257,10
508,257,3
509,258,9
510,258,10
511,259,10
512,259,7
513,260,1
514,261,5
515,262,4
516,263,10
517,263,6
518,263,2
519,264,6
520,265,10
521,265,1
522,266,6
523,266,7
524,267,7
525,267,8
526,268,2
527,268,3
528,268,8
529,269,1
530,269,6
531,269,3
532,270,6
533,270,2
534,271,4
535,271,6
536,271,1
537,272,1
538,273,8
539,273,7
540,274,8
541,274,9
542,274,2
543,275,7
544,276,4
545,276,1
546,276,8
547,277,8
548,278,9
549,278,10
550,279,5
551,279,1
552,280,9
553,280,6
554,281,8
555,282,6
556,282,7
557,282,9
558,283,1
559,283,5
560,283,8
561,284,8
562,284,10
563,284,9
564,285,6
565,285,4
566,285,1
567,286,6
568,286,9
569,287,10
570,288,3
571,289,3
572,289,6
573,289,2
574,290,5
575,290,4
576,291,9
577,291,7
578,291,6
579,292,8
580,292,9
581,292,3
582,293,3
583,293,5
584,293,10
585,294,10
586,294,4
587,294,9
588,295,10
589,295,5
590,296,10
591,296,9
592,296,5
593,297,10
594,298,4
595,298,3
596,298,9
597,299,5
598,299,2
599,299,10
600,300,5
601,300,10
602,300,1
603,301,9
604,301,2
605,301,6
606,302,10
607,302,7
608,302,5
609,303,5
610,303,3
611,303,6
612,304,10
613,305,4
614,305,3
615,305,1
616,306,1
617,307,2
618,307,8
619,308,2
620,308,9
621,308,6
622,309,1
623,309,4
624,310,3
625,310,2
626,311,6
627,312,8
628,312,6
629,312,4
630,313,5
631,313,8
632,314,10
633,314,5
634,315,2
635,316,1
636,316,3
637,316,2
638,317,9
639,318,1
640,318,2
641,318,7
642,319,1
643,319,10
644,320,2
645,320,8
646,321,10
647,321,1
648,321,8
649,322,5
650,322,8
651,323,7
652,324,4
653,324,6
654,325,5
655,325,1
656,326,7
657,327,8
658,328,10
659,328,3
660,328,9
661,329,1
662,329,5
663,329,10
664,330,2
665,331,3
666,331,4
667,332,2
668,332,3
669,332,6
670,333,1
671,334,7
672,334,10
673,334,9
674,335,10
675,335,3
676,336,7
677,336,9
678,336,4
679,337,9
680,338,6
681,339,10
682,339,4
683,339,5
684,340,2
685,341,3
686,341,4
687,342,4
688,343,9
689,343,6
690,344,2
691,344,8
692,344,4
693,345,4
694,345,7
695,346,8
696,347,3
697,348,8
698,349,6
699,349,10
700,349,2
701,350,6
702,350,4
703,350,9
704,351,4
705,351,10
706,351,7
707,352,8
708,352,7
709,353,1
710,353,6
711,354,2
712,354,6
713,354,4
714,355,9
715,355,7
716,356,6
717,357,10
718,358,8
719,359,10
720,359,2
721,360,5
722,361,3
723,361,2
724,361,6
725,362,1
726,362,8
727,363,1
728,363,10
729,363,6
730,364,1
731,364,8
732,365,10
733,365,1
734,365,7
735,366,6
736,366,5
737,366,9
738,367,3
739,367,8
740,368,4
741,368,10
742,369,3
743,370,9
744,370,1
745,371,2
746,371,9
747,372,1
748,372,2
749,373,9
750,374,4
751,375,10
752,375,9
753,376,3
754,377,1
755,378,6
756,378,9
757,379,1
758,379,5
759,379,7
760,380,4
761,380,5
762,380,7
763,381,6
764,382,4
765,383,2
766,383,3
767,383,10
768,384,4
769,385,5
770,385,4
771,385,8
772,386,2
773,386,10
774,386,6
775,387,3
776,388,6
777,389,9
778,389,7
779,389,2
780,390,8
781,390,6
782,390,3
783,391,1
784,391,2
785,392,4
786,392,1
787,393,5
788,394,2
789,394,1
790,395,8
791,395,9
792,395,4
793,396,8
794,397,5
795,397,4
796,397,6
797,398,8
798,399,8
799,400,9
800,400,6
801,400,2
802,401,9
803,401,4
804,402,10
805,403,3
806,403,5
807,404,2
808,404,4
809,405,7
810,405,2
811,406,9
812,406,8
813,406,5
814,407,2
815,408,2
816,408,6
817,408,8
818,409,3
819,409,9
820,409,2
821,410,4
822,410,8
823,410,6
824,411,8
825,411,5
826,411,7
827,412,8
828,412,5
829,412,2
830,413,4
831,413,7
832,414,3
833,414,2
834,414,10
835,415,7
836,415,5
837,416,3
838,417,7
839,417,10
840,417,6
841,418,9
842,419,10
843,420,3
844,420,6
845,421,7
846,421,2
847,422,10
848,422,7
849,422,3
850,423,10
851,424,8
852,424,2
853,424,7
854,425,2
855,425,7
856,425,4
857,426,2
858,427,10
859,427,7
860,427,9
861,428,3
862,428,9
863,429,3
864,429,5
865,430,10
866,430,1
867,430,9
868,431,1
869,432,2
870,432,8
871,433,6
872,433,8
873,434,4
874,434,1
875,434,6
876,435,5
877,435,1
878,435,7
879,436,4
880,437,10
881,437,4
882,437,8
883,438,5
884,438,7
885,439,8
886,440,8
887,440,4
888,441,4
889,441,3
890,441,10
891,442,5
892,442,8
893,442,6
894,443,10
895,443,7
896,444,5
897,444,4
898,445,3
899,445,1
900,446,9
901,446,5
902,446,10
903,447,4
904,447,7
905,448,10
906,448,3
907,449,4
908,450,1
909,450,9
910,450,4
911,451,5
912,451,6
913,451,2
914,452,10
915,452,8
916,453,9
917,453,4
918,453,8
919,454,3
920,455,10
921,456,7
922,456,6
923,457,4
924,457,2
925,457,9
926,458,9
927,458,3
928,458,4
929,459,5
930,460,7
931,461,7
932,461,5
933,461,2
934,462,1
935,462,6
936,462,8
937,463,1
938,463,8
939,463,9
940,464,10
941,464,4
942,465,3
943,466,8
944,467,4
945,468,3
946,469,10
947,469,6
948,470,4
949,471,7
950,471,1
951,471,2
952,472,2
953,472,3
954,473,8
955,473,4
956,473,10
957,474,10
958,474,4
959,475,9
960,475,5
961,476,1
962,477,1
963,478,1
964,478,6
965,478,4
966,479,3
967,479,1
968,479,6
969,480,9
970,481,5
971,482,6
972,483,4
973,483,2
974,484,4
975,484,9
976,484,2
977,485,9
978,485,4
979,485,8
980,486,3
981,486,8
982,487,4
983,487,9
984,487,5
985,488,8
986,488,5
987,488,10
988,489,3
989,490,10
990,491,8
991,492,9
992,492,6
993,493,4
994,494,10
995,494,2
996,495,3
997,495,10
998,495,7
999,496,2
1000,496,9
1001,496,1
1002,497,7
1003,497,10
1004,498,3
1005,499,1
1006,499,6
1007,499,4
1008,500,5
