ticket_id,booking_id,seat_row,seat_number
1,3,B,3
2,230,C,10
3,22,D,6
4,8,D,20
5,993,B,11
6,564,F,11
7,322,E,3
8,377,B,11
9,253,D,3
10,875,F,16
11,48,B,11
12,708,E,12
13,697,C,1
14,533,C,10
15,595,C,1
16,264,A,2
17,783,F,6
18,373,C,9
19,301,C,11
20,87,A,6
21,241,F,20
22,615,D,5
23,715,F,12
24,462,E,4
25,384,F,12
26,682,A,11
27,168,A,13
28,201,D,13
29,507,D,17
30,469,F,6
31,51,B,14
32,206,A,5
33,750,E,14
34,819,D,1
35,739,E,4
36,35,D,1
37,928,D,16
38,853,C,10
39,989,F,11
40,470,D,2
41,115,E,14
42,994,D,15
43,848,F,18
44,419,A,9
45,336,B,8
46,694,A,20
47,44,F,19
48,251,D,14
49,148,C,13
50,381,B,13
51,349,C,13
52,775,D,7
53,870,F,20
54,730,F,7
55,500,B,5
56,565,F,13
57,721,C,9
58,110,F,15
59,672,B,15
60,214,D,12
61,32,B,7
62,628,E,3
63,329,F,7
64,981,B,18
65,995,C,8
66,340,C,19
67,387,A,20
68,983,F,15
69,749,F,6
70,182,C,10
71,881,F,17
72,468,F,4
73,293,B,9
74,641,C,11
75,939,B,13
76,802,A,7
77,373,C,10
78,402,F,9
79,520,C,2
80,715,A,12
81,959,B,15
82,726,F,4
83,763,C,12
84,64,D,10
85,437,F,4
86,164,B,11
87,399,E,15
88,697,E,8
89,329,B,10
90,20,D,13
91,949,F,7
92,540,C,14
93,960,B,16
94,206,F,10
95,753,A,19
96,846,A,17
97,140,C,1
98,151,C,7
99,771,B,18
100,883,A,20
101,301,B,4
102,269,B,7
103,723,B,1
104,631,D,4
105,93,E,10
106,374,E,19
107,290,C,14
108,247,D,11
109,158,F,18
110,917,B,4
111,733,D,19
112,326,C,2
113,327,D,17
114,747,E,6
115,922,B,7
116,788,D,7
117,553,C,18
118,386,E,6
119,443,B,4
120,934,B,14
121,6,D,20
122,496,C,4
123,47,C,20
124,864,C,8
125,173,E,5
126,661,F,13
127,319,A,20
128,702,C,1
129,739,C,16
130,33,F,12
131,677,D,20
132,124,F,4
133,17,F,1
134,710,B,17
135,594,C,8
136,875,D,7
137,609,F,15
138,110,A,5
139,183,F,7
140,966,A,5
141,381,F,2
142,667,C,17
143,193,A,6
144,595,F,16
145,62,B,9
146,227,E,20
147,527,B,13
148,334,F,18
149,942,A,14
150,245,E,11
151,278,A,5
152,900,E,14
153,671,B,12
154,744,B,15
155,606,A,10
156,511,C,9
157,609,A,11
158,499,C,2
159,861,E,3
160,778,B,20
161,860,A,16
162,251,E,8
163,547,F,4
164,392,C,15
165,958,C,3
166,331,B,16
167,672,A,20
168,708,A,10
169,972,C,9
170,947,E,5
171,967,E,19
172,918,E,9
173,610,A,8
174,405,B,13
175,639,D,7
176,435,D,4
177,835,F,4
178,234,B,18
179,653,A,11
180,61,E,17
181,695,C,9
182,909,B,17
183,120,E,12
184,337,B,5
185,251,F,3
186,173,C,2
187,282,D,8
188,905,A,9
189,719,E,3
190,768,F,5
191,807,B,5
192,730,B,11
193,379,E,19
194,998,D,17
195,445,B,18
196,825,D,17
197,308,E,14
198,502,A,12
199,471,A,14
200,687,C,6
201,945,E,8
202,764,F,14
203,201,D,15
204,713,C,18
205,140,C,17
206,837,A,7
207,988,C,11
208,707,B,10
209,703,F,10
210,94,B,16
211,866,F,8
212,185,F,14
213,238,A,17
214,315,E,12
215,182,D,6
216,150,E,7
217,201,C,8
218,271,D,10
219,309,B,14
220,714,A,19
221,785,C,15
222,555,D,2
223,423,E,20
224,990,D,17
225,385,D,2
226,85,D,13
227,161,A,20
228,731,C,15
229,824,F,1
230,317,A,10
231,628,D,18
232,789,E,2
233,320,A,16
234,683,D,10
235,181,E,4
236,682,A,8
237,372,E,8
238,350,F,18
239,385,E,18
240,117,C,4
241,425,F,7
242,73,D,13
243,978,E,20
244,89,E,11
245,1,F,4
246,659,B,4
247,789,A,4
248,804,B,2
249,651,C,5
250,8,C,13
251,444,A,11
252,144,A,6
253,71,E,18
254,300,E,12
255,574,D,14
256,715,B,2
257,699,A,16
258,597,D,7
259,204,A,17
260,57,D,11
261,106,D,13
262,727,E,16
263,725,D,4
264,399,E,19
265,691,D,20
266,815,E,17
267,199,B,17
268,680,B,3
269,58,E,3
270,918,F,2
271,245,C,10
272,269,A,2
273,440,B,12
274,319,E,11
275,803,E,9
276,400,F,4
277,938,E,9
278,986,C,11
279,619,A,13
280,365,F,19
281,439,C,18
282,713,C,7
283,346,D,19
284,38,E,19
285,795,C,13
286,714,C,9
287,844,C,3
288,624,A,1
289,639,E,10
290,435,F,1
291,811,B,1
292,134,B,10
293,455,D,1
294,799,E,1
295,558,F,2
296,188,E,11
297,105,E,15
298,821,F,3
299,564,F,14
300,685,E,2
301,485,D,1
302,1,A,16
303,88,B,1
304,905,F,13
305,409,B,7
306,657,B,20
307,301,E,3
308,615,B,3
309,918,A,3
310,744,C,20
311,801,E,19
312,32,C,7
313,698,B,20
314,235,F,11
315,179,C,3
316,60,C,3
317,874,F,3
318,649,E,11
319,958,B,1
320,996,F,19
321,18,D,12
322,860,C,16
323,710,C,15
324,913,A,6
325,491,F,11
326,450,C,4
327,246,F,15
328,130,C,9
329,493,B,18
330,682,C,17
331,297,C,3
332,273,B,16
333,691,A,7
334,665,D,11
335,399,A,1
336,282,B,1
337,947,E,4
338,873,C,10
339,854,A,1
340,797,C,13
341,638,E,6
342,135,A,3
343,556,E,4
344,570,C,10
345,210,C,4
346,576,A,12
347,21,A,7
348,53,C,12
349,728,D,15
350,802,A,5
351,704,B,14
352,646,C,12
353,383,F,6
354,938,C,12
355,602,F,18
356,131,C,15
357,346,C,15
358,967,F,16
359,240,E,1
360,199,C,2
361,22,A,4
362,908,B,20
363,174,B,5
364,120,F,9
365,740,B,11
366,361,A,17
367,35,F,10
368,599,E,5
369,418,C,15
370,62,B,12
371,127,F,7
372,738,C,4
373,807,E,20
374,510,A,7
375,909,C,12
376,835,C,19
377,530,B,2
378,127,E,17
379,716,B,8
380,362,A,12
381,581,F,3
382,800,D,4
383,684,A,7
384,423,E,2
385,231,F,13
386,4,C,9
387,213,C,11
388,804,D,12
389,354,D,12
390,782,E,14
391,849,B,10
392,524,C,19
393,943,B,12
394,127,B,19
395,982,E,5
396,354,B,12
397,220,D,7
398,423,B,6
399,577,C,2
400,309,A,3
401,409,D,18
402,247,E,2
403,692,A,14
404,796,F,1
405,958,E,11
406,17,D,3
407,665,F,16
408,596,A,13
409,120,E,18
410,139,A,7
411,496,E,14
412,523,F,12
413,599,D,2
414,366,A,20
415,553,D,10
416,859,C,8
417,309,A,18
418,965,E,4
419,31,E,17
420,320,D,3
421,373,D,17
422,41,D,10
423,332,A,15
424,113,A,7
425,104,A,10
426,923,D,16
427,199,D,16
428,301,F,13
429,403,A,7
430,528,C,5
431,242,F,6
432,635,C,6
433,780,C,4
434,868,E,19
435,292,D,18
436,170,C,13
437,814,E,1
438,702,B,15
439,27,D,15
440,165,A,10
441,941,B,20
442,648,E,20
443,232,B,4
444,974,A,8
445,768,B,1
446,90,A,3
447,522,A,7
448,994,D,7
449,67,D,19
450,398,B,10
451,338,B,2
452,618,C,1
453,894,A,19
454,427,C,17
455,830,D,11
456,184,C,20
457,686,D,17
458,349,D,15
459,19,A,9
460,326,A,8
461,897,B,5
462,758,A,9
463,41,F,17
464,197,D,18
465,164,E,12
466,721,D,9
467,518,B,5
468,84,C,7
469,400,C,9
470,846,C,17
471,772,A,13
472,244,E,17
473,12,D,5
474,134,B,5
475,692,D,12
476,125,A,19
477,969,C,4
478,453,D,8
479,954,D,4
480,668,B,19
481,269,B,19
482,823,B,17
483,820,C,1
484,18,E,12
485,658,E,9
486,633,E,15
487,729,D,5
488,989,F,13
489,382,D,6
490,544,B,8
491,224,F,9
492,114,C,4
493,464,E,17
494,15,B,11
495,741,D,11
496,877,D,4
497,689,B,2
498,878,C,4
499,454,B,10
500,915,B,6
501,701,E,9
502,997,D,19
503,718,A,6
504,624,C,10
505,212,C,19
506,991,A,6
507,18,D,4
508,404,A,1
509,588,B,2
510,865,A,19
511,822,F,11
512,378,C,19
513,125,E,3
514,421,A,10
515,882,E,9
516,473,A,16
517,303,C,18
518,805,C,16
519,504,E,20
520,2,B,20
521,314,C,9
522,218,C,3
523,110,B,7
524,301,B,10
525,654,B,8
526,762,F,16
527,260,C,1
528,135,D,16
529,230,A,8
530,758,A,18
531,539,C,2
532,787,F,4
533,885,F,8
534,519,A,17
535,616,A,14
536,849,B,1
537,313,D,3
538,504,B,13
539,665,F,5
540,481,C,4
541,144,E,5
542,292,E,15
543,342,C,7
544,456,F,7
545,280,F,16
546,802,A,17
547,230,D,12
548,220,C,10
549,686,E,10
550,226,A,19
551,756,F,17
552,799,E,14
553,444,D,16
554,252,C,13
555,419,E,18
556,438,E,6
557,203,F,8
558,296,A,18
559,50,B,12
560,428,C,14
561,605,E,6
562,241,C,9
563,310,B,19
564,870,A,19
565,567,F,15
566,572,B,5
567,563,E,14
568,525,B,3
569,449,F,8
570,169,A,17
571,611,A,2
572,979,C,11
573,762,A,18
574,714,B,15
575,673,A,20
576,129,E,6
577,853,A,1
578,971,B,19
579,565,B,8
580,391,D,19
581,722,E,14
582,783,B,17
583,439,B,8
584,323,F,5
585,47,A,12
586,473,D,7
587,189,C,3
588,125,B,1
589,848,A,14
590,64,F,15
591,276,E,17
592,756,F,3
593,119,D,13
594,995,F,11
595,17,C,17
596,309,A,20
597,185,B,3
598,623,D,2
599,481,C,13
600,651,F,9
601,582,A,17
602,343,B,7
603,910,B,18
604,720,C,5
605,31,D,13
606,127,E,17
607,414,E,3
608,632,A,12
609,986,A,5
610,460,A,18
611,960,A,20
612,361,F,9
613,138,C,11
614,888,B,18
615,573,F,16
616,114,B,15
617,695,E,4
618,958,B,10
619,687,E,18
620,632,F,5
621,417,D,15
622,560,B,15
623,346,A,18
624,797,A,3
625,624,B,9
626,347,A,14
627,152,E,6
628,92,E,16
629,574,C,19
630,758,D,10
631,964,F,13
632,863,A,3
633,976,E,2
634,390,B,11
635,23,B,9
636,435,F,2
637,10,A,7
638,705,A,20
639,192,F,18
640,573,A,15
641,83,C,9
642,540,A,14
643,356,E,20
644,281,B,20
645,409,B,15
646,591,F,8
647,313,E,6
648,136,B,8
649,521,D,12
650,132,B,14
651,784,B,18
652,802,E,14
653,415,D,19
654,817,B,11
655,584,F,13
656,334,F,10
657,10,C,18
658,194,D,2
659,758,B,8
660,826,F,2
661,750,A,11
662,913,C,4
663,384,F,6
664,468,E,7
665,198,B,10
666,451,D,20
667,914,B,3
668,725,B,14
669,838,A,15
670,497,F,5
671,430,D,10
672,606,F,2
673,221,A,6
674,260,A,5
675,358,A,1
676,267,A,2
677,596,E,9
678,709,B,6
679,581,A,15
680,493,E,7
681,321,E,2
682,975,C,6
683,993,D,7
684,21,E,17
685,722,B,17
686,799,C,18
687,43,B,20
688,736,B,10
689,104,F,12
690,488,C,12
691,688,B,2
692,504,F,5
693,422,B,19
694,18,D,8
695,127,E,12
696,538,D,12
697,992,E,12
698,893,A,2
699,336,E,2
700,559,E,19
701,949,F,15
702,584,B,8
703,476,C,4
704,499,D,12
705,272,D,4
706,622,E,1
707,865,C,10
708,935,B,12
709,465,A,7
710,204,B,11
711,325,F,15
712,475,E,4
713,593,D,8
714,121,A,5
715,634,E,20
716,573,B,13
717,674,B,3
718,43,F,7
719,385,B,7
720,621,B,11
721,68,C,18
722,701,C,20
723,736,F,10
724,227,A,17
725,483,F,20
726,926,A,20
727,151,A,1
728,783,B,2
729,254,A,12
730,670,D,3
731,458,A,4
732,662,C,1
733,403,D,20
734,85,A,17
735,800,B,9
736,213,C,5
737,136,E,5
738,336,A,4
739,460,A,10
740,764,F,12
741,787,D,3
742,849,D,15
743,346,F,17
744,505,B,11
745,615,F,16
746,166,C,19
747,406,F,19
748,651,C,19
749,389,B,13
750,681,F,1
751,946,D,1
752,414,C,20
753,171,D,16
754,874,B,9
755,79,F,6
756,112,F,14
757,25,A,16
758,598,D,14
759,854,A,3
760,94,C,7
761,208,A,1
762,531,D,1
763,687,A,4
764,402,F,8
765,832,F,4
766,438,C,13
767,522,B,8
768,893,E,17
769,806,A,7
770,250,C,8
771,846,F,4
772,357,E,20
773,107,F,9
774,550,D,3
775,780,B,13
776,909,D,4
777,828,B,19
778,105,F,15
779,131,A,6
780,563,D,8
781,557,A,6
782,227,D,9
783,957,B,13
784,719,A,10
785,450,B,14
786,45,D,16
787,303,D,6
788,75,A,18
789,51,A,19
790,29,A,1
791,803,F,12
792,488,E,4
793,262,B,1
794,224,D,20
795,636,B,10
796,481,B,15
797,968,A,14
798,252,E,14
799,291,B,8
800,661,F,12
801,448,F,2
802,201,B,4
803,31,A,5
804,909,C,12
805,736,D,17
806,561,D,15
807,626,E,15
808,749,A,16
809,927,F,8
810,420,E,14
811,67,D,14
812,551,D,20
813,1000,A,18
814,298,C,1
815,432,B,18
816,397,D,17
817,92,A,11
818,565,B,1
819,650,B,15
820,536,C,2
821,25,F,20
822,31,A,14
823,336,C,1
824,182,D,12
825,666,A,13
826,823,A,12
827,639,F,16
828,32,E,9
829,15,D,5
830,610,A,12
831,563,B,13
832,731,B,1
833,21,B,17
834,460,D,10
835,516,B,5
836,448,E,17
837,839,A,12
838,52,E,18
839,170,B,9
840,224,A,19
841,888,E,13
842,989,C,2
843,892,A,6
844,410,D,13
845,256,F,1
846,293,F,12
847,911,A,15
848,777,B,9
849,5,D,3
850,403,E,15
851,752,B,14
852,631,D,14
853,592,E,12
854,595,B,10
855,356,D,11
856,21,C,16
857,847,A,13
858,78,B,18
859,958,B,7
860,268,C,3
861,465,E,1
862,147,D,9
863,776,D,13
864,88,C,4
865,424,F,2
866,313,C,6
867,862,B,20
868,620,B,16
869,891,A,2
870,483,C,15
871,980,E,7
872,683,A,2
873,715,F,18
874,661,E,12
875,583,F,18
876,796,F,5
877,615,D,4
878,205,C,15
879,353,A,17
880,926,C,4
881,872,F,12
882,848,F,18
883,426,D,1
884,486,E,16
885,645,D,14
886,704,C,8
887,890,B,8
888,581,B,6
889,206,D,10
890,189,C,15
891,953,B,18
892,812,A,10
893,128,E,2
894,965,B,8
895,385,B,9
896,259,F,8
897,846,B,4
898,573,B,20
899,910,B,6
900,896,A,10
901,899,F,2
902,246,E,5
903,477,D,7
904,401,D,11
905,649,D,6
906,758,C,16
907,769,E,14
908,568,F,6
909,38,F,4
910,566,C,2
911,485,D,15
912,31,B,13
913,828,A,4
914,357,C,16
915,84,F,2
916,78,C,12
917,727,C,10
918,598,B,13
919,761,F,10
920,165,B,6
921,756,E,19
922,493,E,14
923,756,B,1
924,381,B,5
925,421,D,16
926,418,E,15
927,693,F,19
928,372,B,13
929,573,B,11
930,607,D,6
931,244,C,1
932,11,A,20
933,799,C,16
934,733,F,13
935,874,F,12
936,620,F,5
937,738,D,9
938,293,C,6
939,105,B,18
940,782,C,2
941,604,F,10
942,213,D,1
943,717,F,3
944,618,E,18
945,613,A,7
946,481,F,4
947,721,F,11
948,890,E,8
949,770,D,14
950,280,F,14
951,825,B,12
952,964,C,17
953,516,C,15
954,988,F,8
955,83,D,18
956,99,A,15
957,416,A,14
958,25,A,6
959,852,F,6
960,138,C,9
961,30,E,15
962,913,A,14
963,237,A,3
964,403,C,20
965,938,F,1
966,202,F,1
967,17,B,17
968,423,F,9
969,535,C,16
970,194,F,9
971,768,F,4
972,370,D,20
973,470,E,5
974,92,E,17
975,85,B,18
976,141,D,11
977,224,C,7
978,844,E,2
979,732,D,4
980,729,D,1
981,420,F,2
982,947,A,13
983,707,B,10
984,784,A,12
985,45,B,14
986,851,F,17
987,99,F,11
988,333,F,9
989,373,A,6
990,102,E,5
991,562,B,6
992,70,C,7
993,636,E,20
994,57,B,13
995,155,C,17
996,36,D,5
997,127,D,4
998,658,A,18
999,784,F,10
1000,204,C,8
1001,28,D,2
1002,620,B,2
1003,835,F,19
1004,668,E,13
1005,668,A,11
1006,273,F,8
1007,18,C,5
1008,771,C,15
1009,458,B,20
1010,709,D,17
1011,672,C,1
1012,504,A,12
1013,448,C,8
1014,498,D,15
1015,479,E,15
1016,285,C,1
1017,840,E,18
1018,64,D,16
1019,34,A,1
1020,355,F,6
1021,307,B,2
1022,339,D,19
1023,227,D,12
1024,221,D,19
1025,366,C,2
1026,189,C,13
1027,35,A,10
1028,637,E,7
1029,101,E,1
1030,803,E,9
1031,142,B,4
1032,642,C,7
1033,998,B,4
1034,720,A,17
1035,420,A,18
1036,151,C,18
1037,971,D,10
1038,419,A,13
1039,686,E,10
1040,817,E,4
1041,450,E,15
1042,931,F,1
1043,375,F,17
1044,974,F,17
1045,309,A,19
1046,222,D,15
1047,732,B,13
1048,883,B,9
1049,964,D,14
1050,998,C,4
1051,120,F,18
1052,479,E,11
1053,268,C,9
1054,833,D,10
1055,294,B,11
1056,360,C,20
1057,977,F,10
1058,156,F,3
1059,474,F,20
1060,990,A,8
1061,434,E,9
1062,960,E,8
1063,329,C,12
1064,911,B,19
1065,191,A,9
1066,739,D,14
1067,969,E,15
1068,405,C,16
1069,245,E,4
1070,296,B,11
1071,271,D,8
1072,708,D,20
1073,994,D,2
1074,362,A,12
1075,374,E,11
1076,571,D,17
1077,139,F,11
1078,622,B,20
1079,38,E,4
1080,931,A,6
1081,313,A,13
1082,890,F,8
1083,761,D,17
1084,663,E,10
1085,780,A,19
1086,670,A,3
1087,487,E,19
1088,756,A,2
1089,543,C,12
1090,154,C,17
1091,669,E,17
1092,515,A,1
1093,430,D,7
1094,858,B,14
1095,897,E,18
1096,544,B,7
1097,955,E,14
1098,96,D,2
1099,69,E,19
1100,928,F,5
1101,771,A,4
1102,529,B,16
1103,470,F,16
1104,987,D,8
1105,893,B,2
1106,476,F,3
1107,688,D,10
1108,600,C,12
1109,570,A,12
1110,561,E,8
1111,663,D,2
1112,679,F,3
1113,926,D,20
1114,593,C,7
1115,936,C,18
1116,455,D,1
1117,460,A,1
1118,939,E,10
1119,973,A,18
1120,403,E,2
1121,440,E,16
1122,880,D,6
1123,134,D,9
1124,216,F,14
1125,371,E,8
1126,901,C,5
1127,523,F,15
1128,925,C,11
1129,999,A,6
1130,741,F,19
1131,414,B,19
1132,974,B,12
1133,782,B,10
1134,251,A,11
1135,503,A,7
1136,906,C,2
1137,231,A,5
1138,773,E,8
1139,36,E,12
1140,88,A,11
1141,736,B,6
1142,475,D,8
1143,960,B,12
1144,242,D,20
1145,975,A,15
1146,415,B,9
1147,449,B,8
1148,876,C,5
1149,808,B,4
1150,456,F,8
1151,301,B,8
1152,329,F,4
1153,324,F,12
1154,487,E,10
1155,856,A,17
1156,743,A,3
1157,180,C,4
1158,402,D,20
1159,898,F,5
1160,987,F,10
1161,120,F,5
1162,274,E,1
1163,1000,E,11
1164,259,D,5
1165,384,A,18
1166,26,C,19
1167,832,B,15
1168,879,A,13
1169,801,C,16
1170,574,E,18
1171,780,C,1
1172,72,E,14
1173,470,F,13
1174,345,E,15
1175,289,F,5
1176,788,D,13
1177,248,B,14
1178,758,E,4
1179,201,D,2
1180,990,F,11
1181,522,B,2
1182,3,B,14
1183,43,D,7
1184,28,A,2
1185,439,B,5
1186,552,C,1
1187,39,D,7
1188,96,D,2
1189,230,A,6
1190,589,C,5
1191,591,B,10
1192,549,E,7
1193,226,E,19
1194,588,E,5
1195,281,C,12
1196,159,A,2
1197,669,B,17
1198,6,D,17
1199,841,B,9
1200,553,B,15
1201,453,D,3
1202,593,A,20
1203,140,D,15
1204,774,B,2
1205,408,D,6
1206,129,C,1
1207,854,A,3
1208,115,E,11
1209,189,A,11
1210,276,D,17
1211,857,A,5
1212,738,F,3
1213,364,A,3
1214,574,D,14
1215,544,D,2
1216,795,E,5
1217,761,C,2
1218,261,D,14
1219,189,A,9
1220,386,D,7
1221,975,C,11
1222,372,C,16
1223,875,F,5
1224,14,A,15
1225,300,B,4
1226,387,E,5
1227,955,B,13
1228,638,E,5
1229,55,D,13
1230,67,A,14
1231,79,A,14
1232,87,C,2
1233,965,D,2
1234,781,C,7
1235,8,D,11
1236,439,D,16
1237,776,F,5
1238,500,E,20
1239,546,D,19
1240,26,D,6
1241,110,D,3
1242,830,E,20
1243,485,C,2
1244,501,C,15
1245,59,A,18
1246,750,E,17
1247,267,A,1
1248,563,C,7
1249,941,A,16
1250,688,C,11
1251,782,E,18
1252,783,D,20
1253,27,B,5
1254,65,D,8
1255,710,B,15
1256,541,D,7
1257,799,B,20
1258,58,C,6
1259,745,F,19
1260,559,E,8
1261,563,D,3
1262,374,F,13
1263,628,E,3
1264,250,C,20
1265,969,B,10
1266,260,E,4
1267,247,B,3
1268,551,D,5
1269,808,A,20
1270,149,F,4
1271,70,A,6
1272,558,E,17
1273,557,D,4
1274,114,D,9
1275,380,D,10
1276,996,F,16
1277,864,B,2
1278,965,E,4
1279,648,E,20
1280,268,C,12
1281,665,E,15
1282,803,E,2
1283,442,F,4
1284,867,F,10
1285,799,F,19
1286,448,B,13
1287,44,A,17
1288,180,F,1
1289,891,B,7
1290,332,D,5
1291,43,F,12
1292,103,C,20
1293,861,D,6
1294,537,A,10
1295,625,F,15
1296,16,A,2
1297,434,C,1
1298,175,E,3
1299,205,D,4
1300,103,F,3
1301,645,F,17
1302,834,C,11
1303,187,E,8
1304,480,E,18
1305,338,E,1
1306,127,A,8
1307,184,C,20
1308,817,F,8
1309,433,E,13
1310,260,E,8
1311,987,C,6
1312,268,C,9
1313,494,B,9
1314,630,F,17
1315,348,F,1
1316,852,A,8
1317,405,F,4
1318,676,C,19
1319,397,C,2
1320,992,B,5
1321,613,D,1
1322,775,F,17
1323,460,A,17
1324,580,C,9
1325,574,A,7
1326,43,D,13
1327,606,B,7
1328,59,A,12
1329,709,A,9
1330,455,C,6
1331,775,D,10
1332,988,C,17
1333,24,E,17
1334,808,C,5
1335,94,A,6
1336,214,B,2
1337,346,C,14
1338,496,A,16
1339,498,E,17
1340,751,D,8
1341,227,A,1
1342,919,C,19
1343,155,E,1
1344,572,F,6
1345,58,C,14
1346,228,E,12
1347,184,F,4
1348,444,C,12
1349,773,B,5
1350,627,A,7
1351,27,A,17
1352,920,D,17
1353,285,D,15
1354,238,F,20
1355,683,F,10
1356,729,C,2
1357,248,C,4
1358,331,D,19
1359,64,E,10
1360,930,E,16
1361,970,C,1
1362,411,C,1
1363,13,B,19
1364,31,E,14
1365,812,A,9
1366,741,B,10
1367,755,A,5
1368,881,F,12
1369,442,A,2
1370,902,C,5
1371,185,B,15
1372,199,B,6
1373,763,E,3
1374,925,A,16
1375,238,F,12
1376,898,D,17
1377,761,A,6
1378,661,B,8
1379,228,B,12
1380,459,F,11
1381,2,E,16
1382,79,B,20
1383,655,D,12
1384,301,E,2
1385,625,D,13
1386,699,E,20
1387,569,D,17
1388,808,B,8
1389,333,F,20
1390,362,B,10
1391,463,C,19
1392,191,E,12
1393,501,E,11
1394,444,E,18
1395,400,E,5
1396,402,E,2
1397,215,A,18
1398,578,D,20
1399,470,B,16
1400,126,C,4
1401,979,C,17
1402,448,D,10
1403,282,E,11
1404,26,E,17
1405,215,F,11
1406,900,E,6
1407,740,B,10
1408,887,E,13
1409,882,D,14
1410,321,C,8
1411,449,C,7
1412,450,E,12
1413,715,E,5
1414,331,B,9
1415,558,C,20
1416,158,F,10
1417,254,D,17
1418,695,D,16
1419,600,B,18
1420,938,E,1
1421,407,F,12
1422,213,C,19
1423,499,B,20
1424,504,F,8
1425,569,E,12
1426,570,F,17
1427,513,C,16
1428,3,D,3
1429,104,A,7
1430,461,C,4
1431,758,A,11
1432,185,D,2
1433,468,E,7
1434,481,B,7
1435,522,D,13
1436,255,C,6
1437,196,D,14
1438,730,A,8
1439,674,F,8
1440,458,B,14
1441,130,B,4
1442,267,E,10
1443,947,C,12
1444,777,A,13
1445,391,D,12
1446,767,A,11
1447,417,E,17
1448,740,A,18
1449,390,D,4
1450,783,C,2
1451,277,F,11
1452,562,D,13
1453,882,E,15
1454,44,C,13
1455,991,E,17
1456,8,D,10
1457,535,E,12
1458,160,F,13
1459,141,B,16
1460,523,C,9
1461,579,F,19
1462,151,B,5
1463,888,E,3
1464,245,D,19
1465,878,F,4
1466,214,F,3
1467,320,E,15
1468,445,E,10
1469,608,C,10
1470,812,D,14
1471,51,B,13
1472,701,E,8
1473,194,A,15
1474,550,E,9
1475,855,B,20
1476,354,B,2
1477,71,F,18
1478,582,E,12
1479,694,E,13
1480,312,F,15
1481,76,F,14
1482,688,D,19
1483,617,C,8
1484,273,A,8
1485,657,E,7
1486,366,D,15
1487,700,A,9
1488,368,A,5
1489,984,F,17
1490,974,A,13
1491,742,F,9
1492,342,F,17
1493,737,E,1
1494,336,D,8
1495,66,F,7
1496,777,C,16
1497,324,F,14
1498,563,A,1
1499,995,A,7
1500,546,F,10
1501,700,F,4
1502,97,D,11
1503,276,A,15
1504,613,B,6
1505,790,B,20
1506,963,E,20
1507,923,B,20
1508,918,D,8
1509,780,D,2
1510,300,C,7
1511,454,B,3
1512,842,C,7
1513,602,A,7
1514,600,A,5
1515,535,D,1
1516,785,A,12
1517,836,F,14
1518,987,F,10
1519,572,C,5
1520,490,E,15
1521,575,C,16
1522,314,A,16
1523,268,B,5
1524,102,F,19
1525,852,E,16
1526,997,C,5
1527,668,A,1
1528,552,A,6
1529,264,B,7
1530,439,D,8
1531,409,B,2
1532,720,D,8
1533,538,D,6
1534,525,F,18
1535,698,B,11
1536,634,E,18
1537,874,D,18
1538,318,E,15
1539,866,B,15
1540,972,C,19
1541,191,A,19
1542,688,B,4
1543,940,D,19
1544,790,D,4
1545,521,D,13
1546,825,F,1
1547,466,F,18
1548,973,A,4
1549,580,C,10
1550,99,E,15
1551,210,C,12
1552,27,A,15
1553,217,D,7
1554,204,C,12
1555,985,E,14
1556,952,F,16
1557,838,F,9
1558,16,B,18
1559,997,A,11
1560,398,A,8
1561,32,D,11
1562,677,F,12
1563,444,D,14
1564,392,D,5
1565,129,D,8
1566,547,D,3
1567,158,A,20
1568,110,C,12
1569,906,F,10
1570,951,B,17
1571,194,E,12
1572,132,C,16
1573,8,C,4
1574,737,E,7
1575,207,C,12
1576,422,B,2
1577,703,F,18
1578,715,C,9
1579,826,F,8
1580,684,C,17
1581,936,C,8
1582,459,B,15
1583,30,F,2
1584,68,E,18
1585,510,F,18
1586,148,E,5
1587,403,B,7
1588,907,C,10
1589,918,D,12
1590,66,C,7
1591,13,C,14
1592,799,D,6
1593,24,B,20
1594,824,F,2
1595,589,C,19
1596,280,C,5
1597,999,F,12
1598,853,C,20
1599,605,B,2
1600,885,F,9
1601,717,A,17
1602,980,A,16
1603,942,D,2
1604,26,E,18
1605,365,C,13
1606,981,F,16
1607,43,A,12
1608,383,C,15
1609,613,D,7
1610,889,A,11
1611,254,A,18
1612,860,D,14
1613,562,C,3
1614,39,B,3
1615,720,D,16
1616,404,D,11
1617,874,D,4
1618,709,B,14
1619,821,F,16
1620,65,F,17
1621,502,E,2
1622,709,F,10
1623,353,A,15
1624,222,D,16
1625,404,B,13
1626,201,F,7
1627,841,C,19
1628,680,E,1
1629,153,F,13
1630,619,E,8
1631,845,F,10
1632,140,A,11
1633,598,E,14
1634,152,D,5
1635,592,E,13
1636,103,A,7
1637,416,B,10
1638,812,B,14
1639,335,E,19
1640,95,B,14
1641,20,C,6
1642,407,C,6
1643,772,E,16
1644,14,B,2
1645,430,A,9
1646,809,B,4
1647,315,B,13
1648,157,D,16
1649,103,B,14
1650,371,A,7
1651,959,F,10
1652,224,B,18
1653,568,F,9
1654,419,C,19
1655,949,D,14
1656,626,C,16
1657,587,D,17
1658,799,E,11
1659,160,F,13
1660,646,D,16
1661,486,F,16
1662,624,E,9
1663,295,D,2
1664,566,E,16
1665,206,B,16
1666,511,C,9
1667,738,D,2
1668,562,B,15
1669,173,B,4
1670,202,D,13
1671,146,E,18
1672,781,B,19
1673,681,F,8
1674,930,D,14
1675,89,B,10
1676,273,A,15
1677,150,E,2
1678,482,E,14
1679,188,D,3
1680,78,D,5
1681,134,C,2
1682,473,B,20
1683,864,D,13
1684,59,A,14
1685,910,D,9
1686,959,C,10
1687,252,A,18
1688,975,B,12
1689,205,B,14
1690,118,F,9
1691,545,C,6
1692,187,A,2
1693,735,F,6
1694,913,D,12
1695,435,E,18
1696,483,E,3
1697,93,F,20
1698,991,E,10
1699,649,D,8
1700,359,C,13
1701,813,F,20
1702,763,C,1
1703,60,E,6
1704,693,A,5
1705,614,A,7
1706,978,E,13
1707,20,A,15
1708,8,E,11
1709,162,E,3
1710,885,B,16
1711,707,E,12
1712,776,F,1
1713,90,F,13
1714,989,F,10
1715,276,D,7
1716,476,E,10
1717,235,D,6
1718,827,E,18
1719,128,D,15
1720,5,B,9
1721,359,C,10
1722,235,D,3
1723,326,D,14
1724,731,D,11
1725,246,C,3
1726,505,C,13
1727,951,C,16
1728,379,B,13
1729,109,A,9
1730,385,B,13
1731,172,A,9
1732,605,F,10
1733,647,D,1
1734,930,A,4
1735,405,C,2
1736,509,E,11
1737,943,A,9
1738,321,C,18
1739,915,D,1
1740,940,A,18
1741,748,D,18
1742,432,F,8
1743,339,A,8
1744,311,B,17
1745,92,E,9
1746,876,A,1
1747,53,B,2
1748,684,A,2
1749,169,E,18
1750,176,F,7
1751,429,F,3
1752,235,A,3
1753,443,C,2
1754,42,C,7
1755,234,A,2
1756,168,D,10
1757,500,F,7
1758,532,D,16
1759,331,E,2
1760,478,E,13
1761,11,C,15
1762,50,D,5
1763,572,A,14
1764,288,F,14
1765,225,B,12
1766,145,B,7
1767,905,D,12
1768,977,D,19
1769,886,B,1
1770,614,E,3
1771,179,A,5
1772,594,B,1
1773,182,D,5
1774,427,F,9
1775,710,A,14
1776,452,A,3
1777,708,E,10
1778,564,A,14
1779,117,D,10
1780,191,F,18
1781,589,D,12
1782,518,F,5
1783,184,D,10
1784,475,D,15
1785,187,D,5
1786,506,D,16
1787,393,A,7
1788,222,A,19
1789,112,C,10
1790,579,D,6
1791,599,B,9
1792,29,D,16
1793,217,D,8
1794,773,A,19
1795,892,C,4
1796,244,F,13
1797,383,A,8
1798,265,B,19
1799,135,D,3
1800,914,B,2
1801,342,E,3
1802,510,B,3
1803,942,C,10
1804,998,F,20
1805,518,B,17
1806,911,B,3
1807,863,E,4
1808,495,E,2
1809,18,E,15
1810,799,A,16
1811,354,B,15
1812,692,B,17
1813,424,E,17
1814,461,C,14
1815,262,F,6
1816,365,A,12
1817,517,C,19
1818,231,E,8
1819,797,A,5
1820,702,A,17
1821,449,A,14
1822,664,C,19
1823,857,B,14
1824,815,E,16
1825,171,B,9
1826,177,C,20
1827,53,C,16
1828,43,D,2
1829,684,C,19
1830,419,C,15
1831,313,E,5
1832,246,A,19
1833,910,D,10
1834,276,D,9
1835,647,A,18
1836,349,A,3
1837,198,B,10
1838,143,A,8
1839,299,C,12
1840,574,C,10
1841,283,D,13
1842,29,E,10
1843,564,D,3
1844,92,B,16
1845,68,C,20
1846,995,D,3
1847,102,B,17
1848,394,B,10
1849,914,D,16
1850,862,C,13
1851,288,B,16
1852,405,F,3
1853,807,F,2
1854,925,E,11
1855,893,C,2
1856,60,C,6
1857,218,B,6
1858,87,C,8
1859,282,D,6
1860,984,D,18
1861,884,E,17
1862,473,A,13
1863,251,A,14
1864,341,A,12
1865,618,E,5
1866,553,E,11
1867,772,C,12
1868,40,B,20
1869,982,F,17
1870,668,F,17
1871,696,D,12
1872,767,A,1
1873,504,A,9
1874,430,D,15
1875,627,C,10
1876,578,E,13
1877,191,D,3
1878,186,F,14
1879,93,D,18
1880,552,F,11
1881,583,A,6
1882,96,B,20
1883,44,C,8
1884,710,B,8
1885,113,F,14
1886,570,C,18
1887,92,F,9
1888,823,F,19
1889,753,E,10
1890,919,C,20
1891,616,C,6
1892,8,D,19
1893,945,F,2
1894,317,F,12
1895,273,D,9
1896,430,F,4
1897,530,C,11
1898,235,C,3
1899,622,E,16
1900,51,E,1
1901,138,B,19
1902,578,D,2
1903,121,D,15
1904,109,F,8
1905,837,D,1
1906,811,C,19
1907,899,D,3
1908,372,D,16
1909,2,C,4
1910,620,B,14
1911,216,D,17
1912,346,E,15
1913,126,B,19
1914,432,A,5
1915,835,A,6
1916,592,C,14
1917,487,E,9
1918,108,F,13
1919,704,C,7
1920,925,D,3
1921,397,E,19
1922,519,E,10
1923,60,A,11
1924,719,D,1
1925,186,F,12
1926,903,F,10
1927,322,F,13
1928,673,F,18
1929,116,C,15
1930,719,A,7
1931,146,E,19
1932,660,B,10
1933,880,A,6
1934,649,C,14
1935,532,C,6
1936,858,F,1
1937,254,C,5
1938,642,A,20
1939,794,F,16
1940,640,B,5
1941,10,F,7
1942,147,B,8
1943,744,C,18
1944,807,D,10
1945,172,C,18
1946,904,A,6
1947,886,C,7
1948,474,F,1
1949,23,E,7
1950,256,C,4
1951,695,A,16
1952,436,C,12
1953,470,C,10
1954,915,A,1
1955,202,B,18
1956,301,C,4
1957,424,D,9
1958,18,A,1
1959,245,E,7
1960,965,E,11
1961,790,C,13
1962,569,B,8
1963,98,D,20
1964,662,D,5
1965,948,E,17
1966,148,F,6
1967,732,D,5
1968,86,C,2
1969,450,C,4
1970,184,B,1
1971,397,A,18
1972,115,F,2
1973,731,B,20
1974,512,B,10
1975,541,E,13
1976,759,D,3
1977,525,A,17
1978,618,E,5
1979,555,F,4
1980,581,C,16
1981,175,D,10
1982,615,E,9
1983,358,A,8
1984,309,A,17
1985,761,F,1
1986,361,C,20
1987,174,E,11
1988,816,B,18
1989,283,E,1
1990,43,D,19
1991,629,B,19
1992,832,E,17
1993,824,E,20
1994,177,A,13
1995,961,F,5
1996,481,E,5
1997,461,E,15
1998,521,D,16
1999,796,F,13
2000,518,B,15
2001,501,B,9
2002,879,A,17
2003,294,C,5
2004,324,B,5
2005,520,F,10
2006,659,A,18
2007,236,A,5
2008,282,F,20
2009,676,B,3
2010,55,E,20
2011,129,E,9
2012,782,F,8
2013,682,C,20
2014,583,A,9
2015,275,A,6
2016,169,E,11
2017,243,C,15
2018,831,F,11
2019,348,D,15
2020,424,D,12
2021,547,E,18
2022,819,D,1
2023,665,C,5
2024,130,C,14
2025,46,A,8
2026,436,D,3
2027,359,F,4
2028,452,D,7
2029,451,A,20
2030,304,B,12
2031,675,D,2
2032,547,C,2
2033,658,A,17
2034,896,A,3
2035,324,B,17
2036,403,C,5
2037,910,B,14
2038,513,F,6
2039,967,F,1
2040,589,E,8
2041,855,C,16
2042,258,C,5
2043,208,D,17
2044,294,C,5
2045,681,C,6
2046,899,A,18
2047,861,C,12
2048,3,A,16
2049,380,C,13
2050,12,E,5
2051,799,B,5
2052,100,E,6
2053,258,C,14
2054,50,D,9
2055,601,D,5
2056,332,C,3
2057,569,D,16
2058,250,A,18
2059,153,F,8
2060,497,F,8
2061,761,B,13
2062,465,B,13
2063,445,A,8
2064,373,D,18
2065,410,C,13
2066,375,E,13
2067,860,A,6
2068,574,F,19
2069,138,F,15
2070,962,B,11
2071,226,D,14
2072,122,B,3
2073,703,B,1
2074,31,A,12
2075,929,F,3
2076,852,F,9
2077,844,C,15
2078,304,E,1
2079,439,B,3
2080,926,E,19
2081,811,A,17
2082,631,A,2
2083,649,E,2
2084,831,D,19
2085,252,F,13
2086,260,A,4
2087,876,C,7
2088,730,B,18
2089,623,F,3
2090,277,D,14
2091,530,E,4
2092,985,E,11
2093,360,D,18
2094,854,A,2
2095,26,B,11
2096,663,A,4
2097,946,D,5
2098,322,D,5
2099,91,A,5
2100,270,D,8
2101,347,D,15
2102,705,B,10
2103,867,F,14
2104,672,B,9
2105,700,A,15
2106,605,E,10
2107,519,A,18
2108,422,F,1
2109,471,F,6
2110,93,A,3
2111,640,C,8
2112,332,C,3
2113,784,A,18
2114,703,F,6
2115,67,F,13
2116,272,E,3
2117,635,F,12
2118,687,F,1
2119,190,C,8
2120,305,A,14
2121,413,A,5
2122,678,B,6
2123,353,F,9
2124,762,A,9
2125,269,C,4
2126,277,C,3
2127,180,E,8
2128,754,D,12
2129,244,F,11
2130,579,E,8
2131,59,A,13
2132,495,B,20
2133,824,D,18
2134,899,E,9
2135,599,F,5
2136,872,D,16
2137,357,A,1
2138,565,F,19
2139,583,E,15
2140,249,A,17
2141,660,E,14
2142,402,F,19
2143,404,B,6
2144,124,D,1
2145,855,F,17
2146,596,F,4
2147,172,E,8
2148,261,C,16
2149,908,A,20
2150,64,C,3
2151,730,C,20
2152,94,A,10
2153,603,F,16
2154,969,D,18
2155,731,F,14
2156,266,E,3
2157,125,F,11
2158,222,F,4
2159,302,B,16
2160,100,A,19
2161,503,E,11
2162,299,A,4
2163,63,E,9
2164,263,E,17
2165,635,B,19
2166,745,C,2
2167,883,A,17
2168,507,E,1
2169,483,F,7
2170,862,F,8
2171,91,E,10
2172,587,F,7
2173,345,F,8
2174,290,E,6
2175,638,C,4
2176,594,E,15
2177,610,B,12
2178,989,A,13
2179,719,F,20
2180,899,C,2
2181,365,E,12
2182,780,F,3
2183,371,F,3
2184,8,D,12
2185,154,D,3
2186,602,E,2
2187,972,E,7
2188,802,D,9
2189,387,F,5
2190,227,A,12
2191,276,F,7
2192,939,B,13
2193,898,E,8
2194,843,A,3
2195,716,E,11
2196,790,E,14
2197,22,C,16
2198,845,A,8
2199,347,D,4
2200,366,F,8
2201,824,E,10
2202,46,F,11
2203,803,F,19
2204,943,F,3
2205,179,E,1
2206,975,A,4
2207,995,A,1
2208,365,F,13
2209,630,D,15
2210,612,D,3
2211,363,A,17
2212,561,D,5
2213,501,D,13
2214,523,C,5
2215,561,E,2
2216,745,E,10
2217,752,F,12
2218,224,B,2
2219,757,D,17
2220,753,A,13
2221,157,B,8
2222,862,F,16
2223,408,A,13
2224,430,F,13
2225,32,A,10
2226,301,B,13
2227,303,B,9
2228,808,F,16
2229,287,D,10
2230,659,A,18
2231,92,F,15
2232,26,A,11
2233,802,C,16
2234,826,B,18
2235,920,D,10
2236,146,C,7
2237,624,A,13
2238,818,D,6
2239,55,D,4
2240,304,A,10
2241,624,F,3
2242,4,B,9
2243,875,C,9
2244,998,A,12
2245,300,B,2
2246,942,C,7
2247,201,E,4
2248,602,E,3
2249,495,E,2
2250,715,B,14
2251,495,A,12
2252,85,D,5
2253,28,B,14
2254,581,A,9
2255,961,C,12
2256,427,C,7
2257,228,A,16
2258,527,D,4
2259,71,F,19
2260,4,F,17
2261,333,B,19
2262,733,C,4
2263,470,E,8
2264,658,A,14
2265,529,F,15
2266,16,B,5
2267,382,E,10
2268,173,D,7
2269,912,C,7
2270,178,A,3
2271,307,D,14
2272,517,C,6
2273,567,C,10
2274,337,A,18
2275,398,D,15
2276,626,F,13
2277,929,D,11
2278,920,B,9
2279,597,F,18
2280,245,B,20
2281,587,D,11
2282,35,F,15
2283,906,F,9
2284,296,F,2
2285,352,D,4
2286,329,F,12
2287,803,B,18
2288,108,A,5
2289,933,D,8
2290,435,F,13
2291,795,E,3
2292,278,C,16
2293,406,E,20
2294,473,C,6
2295,95,C,5
2296,774,D,2
2297,431,B,1
2298,509,E,8
2299,386,F,20
2300,668,B,17
2301,768,B,3
2302,469,F,12
2303,549,E,2
2304,200,B,8
2305,945,C,10
2306,381,B,5
2307,973,C,1
2308,159,D,4
2309,421,A,17
2310,252,F,14
2311,534,B,20
2312,906,C,8
2313,544,A,18
2314,816,E,4
2315,152,D,20
2316,266,E,13
2317,756,E,5
2318,97,D,19
2319,235,A,7
2320,61,E,7
2321,825,B,19
2322,926,B,5
2323,320,C,13
2324,459,F,19
2325,411,D,1
2326,963,C,15
2327,221,A,3
2328,385,C,7
2329,77,B,15
2330,643,C,13
2331,867,B,20
2332,596,E,19
2333,741,F,15
2334,852,A,13
2335,989,C,6
2336,938,D,4
2337,372,E,18
2338,157,E,17
2339,590,F,17
2340,841,C,17
2341,178,C,8
2342,330,E,18
2343,124,C,10
2344,452,F,14
2345,174,C,8
2346,973,D,10
2347,145,E,15
2348,267,B,3
2349,886,F,17
2350,253,B,19
2351,361,F,15
2352,468,B,1
2353,131,A,19
2354,900,C,11
2355,543,E,8
2356,324,B,8
2357,63,F,4
2358,884,A,15
2359,362,C,11
2360,108,C,19
2361,497,A,11
2362,807,A,13
2363,892,F,2
2364,548,D,16
2365,208,D,19
2366,806,A,10
2367,606,F,1
2368,312,D,9
2369,980,F,7
2370,709,E,13
2371,96,C,16
2372,561,C,10
2373,352,C,1
2374,328,A,7
2375,340,A,17
2376,767,C,7
2377,249,C,14
2378,806,E,17
2379,491,F,7
2380,889,D,20
2381,583,D,7
2382,323,B,2
2383,576,C,10
2384,869,A,7
2385,239,F,9
2386,708,A,6
2387,5,E,8
2388,822,E,9
2389,600,E,14
2390,954,B,9
2391,819,C,11
2392,970,C,3
2393,573,E,12
2394,509,A,1
2395,236,E,6
2396,74,F,14
2397,381,B,16
2398,284,F,3
2399,701,F,11
2400,745,F,13
2401,541,A,12
2402,32,D,19
2403,848,E,13
2404,338,B,10
2405,496,B,13
2406,45,F,5
2407,124,D,15
2408,333,F,16
2409,370,E,12
2410,415,D,14
2411,493,A,19
2412,856,D,11
2413,790,C,5
2414,179,E,12
2415,492,E,17
2416,858,C,7
2417,853,D,12
2418,485,C,14
2419,41,E,9
2420,84,E,6
2421,403,E,14
2422,632,A,16
2423,837,A,9
2424,71,B,10
2425,276,A,14
2426,306,F,16
2427,584,D,5
2428,266,F,18
2429,750,F,20
2430,434,D,2
2431,145,A,15
2432,654,B,11
2433,127,C,15
2434,142,B,10
2435,128,B,16
2436,457,E,3
2437,992,A,13
2438,105,C,13
2439,566,A,2
2440,628,D,1
2441,642,B,18
2442,740,B,12
2443,98,D,5
2444,261,B,11
2445,102,A,7
2446,57,C,1
2447,725,E,15
2448,948,B,2
2449,725,D,11
2450,343,C,9
2451,509,D,15
2452,592,D,20
2453,890,C,8
2454,327,C,18
2455,275,D,3
2456,921,A,4
2457,789,E,11
2458,150,A,15
2459,778,B,8
2460,970,F,13
2461,996,E,7
2462,66,D,3
2463,244,E,10
2464,120,C,6
2465,439,B,10
2466,815,B,1
2467,560,B,6
2468,481,E,6
2469,491,F,7
2470,528,D,9
2471,834,D,14
2472,620,C,12
2473,985,F,20
2474,188,F,8
2475,709,C,9
2476,219,D,3
2477,53,A,9
2478,106,D,8
2479,331,E,8
2480,494,B,15
2481,88,B,16
2482,307,C,17
2483,969,A,5
2484,661,F,14
2485,51,D,9
2486,17,D,14
2487,38,A,15
2488,584,F,14
2489,960,D,3
2490,321,F,2
2491,293,A,19
2492,238,F,7
2493,541,E,15
2494,409,E,12
2495,525,A,3
2496,299,E,16
2497,433,F,6
2498,234,D,13
2499,477,C,8
2500,92,D,15
